race_date,horse_name,jockey,trainer,actual_weight,draw,win_odds,race_distance,is_top3,last_is_top3,top3_rate_last_1,top3_rate_last_3,top3_rate_last_5,avg_odds_last_3,avg_actual_weight_last_3,days_since_last_race
2023-01-01,加州星球,巴度,韋達,123,2,4.9,1800,0,,,,,,,
2023-01-20,加州星球,莫雷拉,沈集成,127,12,1.4,1200,1,0.0,0.0,0.0,0.0,4.9,123.0,19.0
2023-02-01,加州星球,希威森,蘇保羅,126,8,18.7,2200,0,1.0,0.5,0.5,0.5,3.1500000000000004,125.0,12.0
2023-02-07,加州星球,田泰安,蘇保羅,128,8,13.2,1200,0,0.0,0.3333333333333333,0.3333333333333333,0.3333333333333333,8.333333333333334,125.33333333333333,6.0
2023-02-22,加州星球,潘頓,韋達,118,10,2.1,1000,0,0.0,0.25,0.3333333333333333,0.25,11.1,127.0,15.0
2023-02-23,加州星球,田泰安,呂健威,124,3,5.8,1400,0,0.0,0.2,0.0,0.2,11.333333333333334,124.0,1.0
2023-02-25,加州星球,希威森,蘇保羅,118,8,12.9,1400,1,0.0,0.16666666666666666,0.0,0.2,7.033333333333332,123.33333333333333,2.0
2023-02-27,加州星球,希威森,葉楚航,121,11,17.9,1200,0,1.0,0.2857142857142857,0.3333333333333333,0.2,6.933333333333334,120.0,2.0
2023-03-30,加州星球,艾道拿,韋達,131,7,24.0,1800,0,0.0,0.25,0.3333333333333333,0.2,12.199999999999998,121.0,31.0
2023-04-05,加州星球,希威森,沈集成,119,11,8.9,2000,0,0.0,0.2222222222222222,0.3333333333333333,0.2,18.266666666666666,123.33333333333333,6.0
2023-05-02,加州星球,潘頓,呂健威,116,1,1.9,2200,1,0.0,0.2,0.0,0.2,16.933333333333334,123.66666666666667,27.0
2023-05-05,加州星球,蔡明紹,韋達,118,10,11.3,1400,0,1.0,0.2727272727272727,0.3333333333333333,0.4,11.6,122.0,3.0
2023-05-27,加州星球,艾道拿,沈集成,122,4,17.1,1800,0,0.0,0.25,0.3333333333333333,0.2,7.366666666666667,117.66666666666667,22.0
2023-06-10,加州星球,巴度,韋達,116,8,16.6,1600,0,0.0,0.23076923076923078,0.3333333333333333,0.2,10.100000000000001,118.66666666666667,14.0
2023-06-17,加州星球,田泰安,沈集成,115,13,24.2,1400,0,0.0,0.21428571428571427,0.0,0.2,15.0,118.66666666666667,7.0
2023-06-24,加州星球,潘頓,蘇保羅,130,8,2.3,1600,0,0.0,0.2,0.0,0.2,19.3,117.66666666666667,7.0
2023-07-16,加州星球,巴度,告東尼,115,12,13.6,2200,0,0.0,0.1875,0.0,0.0,14.366666666666665,120.33333333333333,22.0
2023-08-03,加州星球,莫雷拉,沈集成,127,13,2.6,2200,0,0.0,0.17647058823529413,0.0,0.0,13.366666666666667,120.0,18.0
2023-08-05,加州星球,巴度,葉楚航,131,3,11.2,2000,1,0.0,0.16666666666666666,0.0,0.0,6.166666666666667,124.0,2.0
2023-08-10,加州星球,希威森,呂健威,134,9,30.5,1600,0,1.0,0.21052631578947367,0.3333333333333333,0.2,9.133333333333333,124.33333333333333,5.0
2023-08-12,加州星球,希威森,呂健威,135,5,25.1,1400,0,0.0,0.2,0.3333333333333333,0.2,14.766666666666666,130.66666666666666,2.0
2023-09-08,加州星球,潘頓,葉楚航,133,14,1.5,2000,1,0.0,0.19047619047619047,0.3333333333333333,0.2,22.26666666666667,133.33333333333334,27.0
2023-09-15,加州星球,希威森,沈集成,132,11,6.6,1200,0,1.0,0.22727272727272727,0.3333333333333333,0.4,19.033333333333335,134.0,7.0
2023-09-18,加州星球,艾道拿,韋達,121,12,22.5,2200,0,0.0,0.21739130434782608,0.3333333333333333,0.4,11.066666666666668,133.33333333333334,3.0
2023-09-22,加州星球,艾道拿,葉楚航,128,8,4.9,2000,1,0.0,0.20833333333333334,0.3333333333333333,0.2,10.200000000000001,128.66666666666666,4.0
2023-09-24,加州星球,莫雷拉,葉楚航,131,10,1.7,1200,1,1.0,0.24,0.3333333333333333,0.4,11.333333333333334,127.0,2.0
2023-09-27,加州星球,希威森,韋達,115,8,9.3,1600,1,1.0,0.2692307692307692,0.6666666666666666,0.6,9.7,126.66666666666667,3.0
2023-10-04,加州星球,田泰安,葉楚航,125,2,16.3,2200,0,1.0,0.2962962962962963,1.0,0.6,5.300000000000001,124.66666666666667,7.0
2023-10-05,加州星球,艾道拿,告東尼,118,5,13.8,1000,1,0.0,0.2857142857142857,0.6666666666666666,0.6,9.1,123.66666666666667,1.0
2023-10-19,加州星球,蔡明紹,韋達,128,14,27.8,1000,0,1.0,0.3103448275862069,0.6666666666666666,0.8,13.133333333333335,119.33333333333333,14.0
2023-10-26,加州星球,巴度,葉楚航,125,7,7.3,1200,1,0.0,0.3,0.3333333333333333,0.6,19.3,123.66666666666667,7.0
2023-11-13,加州星球,希威森,蘇保羅,115,2,11.9,1800,0,1.0,0.3225806451612903,0.6666666666666666,0.6,16.3,123.66666666666667,18.0
2023-12-27,加州星球,莫雷拉,告東尼,122,2,2.7,1400,1,0.0,0.3125,0.3333333333333333,0.4,15.666666666666666,122.66666666666667,44.0
2024-01-01,加州星球,蔡明紹,呂健威,125,8,5.9,2000,0,1.0,0.3333333333333333,0.6666666666666666,0.6,7.3,120.66666666666667,5.0
2024-01-04,加州星球,潘頓,韋達,132,4,2.4,2200,1,0.0,0.3235294117647059,0.3333333333333333,0.4,6.833333333333333,120.66666666666667,3.0
2024-01-04,加州星球,田泰安,蘇保羅,125,10,15.5,1200,1,1.0,0.34285714285714286,0.6666666666666666,0.6,3.6666666666666674,126.33333333333333,0.0
2024-01-06,加州星球,潘頓,葉楚航,135,2,2.6,1600,1,1.0,0.3611111111111111,0.6666666666666666,0.6,7.933333333333334,127.33333333333333,2.0
2024-01-31,加州星球,艾道拿,蘇保羅,130,8,18.4,1200,0,1.0,0.3783783783783784,1.0,0.8,6.833333333333333,130.66666666666666,25.0
2024-02-01,加州星球,艾道拿,呂健威,128,3,5.3,1600,1,0.0,0.3684210526315789,0.6666666666666666,0.6,12.166666666666666,130.0,1.0
2024-02-03,加州星球,田泰安,呂健威,133,3,15.1,1800,0,1.0,0.38461538461538464,0.6666666666666666,0.8,8.766666666666667,131.0,2.0
2024-02-09,加州星球,潘頓,葉楚航,122,3,2.3,1200,1,0.0,0.375,0.3333333333333333,0.6,12.933333333333332,130.33333333333334,6.0
2024-02-16,加州星球,蔡明紹,呂健威,119,14,23.8,1600,0,1.0,0.3902439024390244,0.6666666666666666,0.6,7.566666666666666,127.66666666666667,7.0
2024-03-06,加州星球,艾道拿,呂健威,124,7,9.9,2000,0,0.0,0.38095238095238093,0.3333333333333333,0.4,13.733333333333334,124.66666666666667,19.0
2024-03-07,加州星球,莫雷拉,呂健威,117,6,1.5,1400,0,0.0,0.37209302325581395,0.3333333333333333,0.4,12.0,121.66666666666667,1.0
2024-03-27,加州星球,蔡明紹,呂健威,131,12,20.4,1200,0,0.0,0.36363636363636365,0.0,0.2,11.733333333333334,120.0,20.0
2024-04-02,加州星球,巴度,告東尼,123,7,15.9,1800,0,0.0,0.35555555555555557,0.0,0.2,10.6,124.0,6.0
2024-04-12,加州星球,田泰安,蘇保羅,119,2,6.9,2000,1,0.0,0.34782608695652173,0.0,0.0,12.6,123.66666666666667,10.0
2024-04-27,加州星球,田泰安,告東尼,134,13,6.2,2000,1,1.0,0.3617021276595745,0.3333333333333333,0.2,14.399999999999999,124.33333333333333,15.0
2024-04-28,加州星球,莫雷拉,韋達,119,3,1.9,1600,1,1.0,0.375,0.6666666666666666,0.4,9.666666666666666,125.33333333333333,1.0
2024-04-28,加州星球,巴度,呂健威,123,2,10.1,2200,1,1.0,0.3877551020408163,1.0,0.6,5.000000000000001,124.0,0.0
2024-04-28,加州星球,希威森,告東尼,135,6,16.1,1400,0,1.0,0.4,1.0,0.8,6.066666666666666,125.33333333333333,0.0
2024-05-03,加州星球,田泰安,葉楚航,118,3,12.7,1200,0,0.0,0.39215686274509803,0.6666666666666666,0.8,9.366666666666667,125.66666666666667,5.0
2024-05-14,加州星球,潘頓,沈集成,130,6,1.7,1400,1,0.0,0.38461538461538464,0.3333333333333333,0.6,12.966666666666669,125.33333333333333,11.0
2024-05-22,加州星球,蔡明紹,呂健威,133,9,6.0,1600,0,1.0,0.39622641509433965,0.3333333333333333,0.6,10.166666666666666,127.66666666666667,8.0
2024-06-10,加州星球,巴度,韋達,117,11,28.2,2200,1,0.0,0.3888888888888889,0.3333333333333333,0.4,6.8,127.0,19.0
2024-06-25,加州星球,艾道拿,葉楚航,133,1,4.2,2200,1,1.0,0.4,0.6666666666666666,0.4,11.966666666666667,126.66666666666667,15.0
2024-08-01,加州星球,巴度,葉楚航,133,4,11.4,2200,0,1.0,0.4107142857142857,0.6666666666666666,0.6,12.800000000000002,127.66666666666667,37.0
2024-08-01,加州星球,蔡明紹,韋達,125,14,8.3,2200,0,0.0,0.40350877192982454,0.6666666666666666,0.6,14.6,127.66666666666667,0.0
2024-08-03,加州星球,莫雷拉,沈集成,131,7,1.8,1800,1,0.0,0.39655172413793105,0.3333333333333333,0.4,7.966666666666668,130.33333333333334,2.0
2024-08-07,加州星球,希威森,蘇保羅,132,4,6.5,1200,1,1.0,0.4067796610169492,0.3333333333333333,0.6,7.166666666666668,129.66666666666666,4.0
2024-08-08,加州星球,巴度,告東尼,115,14,21.9,1800,1,1.0,0.4166666666666667,0.6666666666666666,0.6,5.533333333333334,129.33333333333334,1.0
2024-08-23,加州星球,田泰安,葉楚航,117,5,18.6,1400,1,1.0,0.4262295081967213,1.0,0.6,10.066666666666666,126.0,15.0
2024-08-24,加州星球,巴度,呂健威,133,5,14.2,1800,0,1.0,0.43548387096774194,1.0,0.8,15.666666666666666,121.33333333333333,1.0
2024-08-25,加州星球,巴度,韋達,121,5,12.1,2200,0,0.0,0.42857142857142855,0.6666666666666666,0.8,18.233333333333334,121.66666666666667,1.0
2024-08-29,加州星球,蔡明紹,葉楚航,119,10,23.6,1000,0,0.0,0.421875,0.3333333333333333,0.6,14.966666666666667,123.66666666666667,4.0
2024-09-17,加州星球,莫雷拉,沈集成,124,6,2.7,1200,1,0.0,0.4153846153846154,0.0,0.4,16.633333333333333,124.33333333333333,19.0
2024-09-21,加州星球,艾道拿,葉楚航,127,6,24.3,1400,0,1.0,0.42424242424242425,0.3333333333333333,0.4,12.800000000000002,121.33333333333333,4.0
2024-10-04,加州星球,田泰安,呂健威,120,2,12.3,1400,0,0.0,0.417910447761194,0.3333333333333333,0.2,16.866666666666667,123.33333333333333,13.0
2024-10-11,加州星球,巴度,呂健威,129,5,13.1,2000,1,0.0,0.4117647058823529,0.3333333333333333,0.2,13.1,123.66666666666667,7.0
2024-10-23,加州星球,巴度,韋達,120,5,6.4,1200,0,1.0,0.42028985507246375,0.3333333333333333,0.4,16.566666666666666,125.33333333333333,12.0
2024-10-26,加州星球,希威森,韋達,124,3,6.3,1000,1,0.0,0.4142857142857143,0.3333333333333333,0.4,10.6,123.0,3.0
2024-11-06,加州星球,潘頓,告東尼,122,7,2.3,1800,1,1.0,0.4225352112676056,0.6666666666666666,0.4,8.6,124.33333333333333,11.0
2024-11-19,加州星球,潘頓,呂健威,126,8,2.0,1800,1,1.0,0.4305555555555556,0.6666666666666666,0.6,5.0,122.0,13.0
2024-11-23,加州星球,潘頓,告東尼,128,1,2.8,1200,1,1.0,0.4383561643835616,1.0,0.8,3.533333333333333,124.0,4.0
2024-11-26,加州星球,巴度,呂健威,124,14,14.6,1800,0,1.0,0.44594594594594594,1.0,0.8,2.3666666666666667,125.33333333333333,3.0
2024-12-04,加州星球,希威森,葉楚航,131,13,2.9,1800,0,0.0,0.44,0.6666666666666666,0.8,6.466666666666666,126.0,8.0
2024-12-25,加州星球,蔡明紹,沈集成,122,6,17.3,1600,1,0.0,0.4342105263157895,0.3333333333333333,0.6,6.766666666666666,127.66666666666667,21.0
2024-12-26,加州星球,田泰安,蘇保羅,129,9,5.1,2000,1,1.0,0.44155844155844154,0.3333333333333333,0.6,11.6,125.66666666666667,1.0
2024-12-26,加州星球,艾道拿,沈集成,115,12,21.2,1000,0,1.0,0.44871794871794873,0.6666666666666666,0.6,8.433333333333332,127.33333333333333,0.0
2023-01-16,嘉應高昇,莫雷拉,沈集成,128,6,2.8,1000,0,,,,,,,
2023-02-04,嘉應高昇,巴度,呂健威,123,10,7.7,1800,0,0.0,0.0,0.0,0.0,2.8,128.0,19.0
2023-02-11,嘉應高昇,艾道拿,沈集成,126,5,15.2,1600,1,0.0,0.0,0.0,0.0,5.25,125.5,7.0
2023-02-15,嘉應高昇,巴度,告東尼,134,5,5.1,2200,0,1.0,0.3333333333333333,0.3333333333333333,0.3333333333333333,8.566666666666666,125.66666666666667,4.0
2023-03-06,嘉應高昇,莫雷拉,告東尼,133,6,2.6,1600,1,0.0,0.25,0.3333333333333333,0.25,9.333333333333334,127.66666666666667,19.0
2023-03-21,嘉應高昇,莫雷拉,蘇保羅,115,7,2.1,1200,1,1.0,0.4,0.6666666666666666,0.4,7.633333333333333,131.0,15.0
2023-03-23,嘉應高昇,巴度,呂健威,130,14,21.8,1400,0,1.0,0.5,0.6666666666666666,0.6,3.266666666666666,127.33333333333333,2.0
2023-04-09,嘉應高昇,艾道拿,韋達,117,13,17.9,2200,0,0.0,0.42857142857142855,0.6666666666666666,0.6,8.833333333333334,126.0,17.0
2023-04-09,嘉應高昇,艾道拿,韋達,135,1,20.5,1600,0,0.0,0.375,0.3333333333333333,0.4,13.933333333333332,120.66666666666667,0.0
2023-04-24,嘉應高昇,希威森,蘇保羅,119,13,6.4,1000,0,0.0,0.3333333333333333,0.0,0.4,20.066666666666666,127.33333333333333,15.0
2023-05-08,嘉應高昇,蔡明紹,葉楚航,126,8,23.2,1000,0,0.0,0.3,0.0,0.2,14.933333333333332,123.66666666666667,14.0
2023-05-19,嘉應高昇,希威森,蘇保羅,118,3,12.7,1600,1,0.0,0.2727272727272727,0.0,0.0,16.7,126.66666666666667,11.0
2023-05-21,嘉應高昇,蔡明紹,沈集成,115,11,20.7,1400,0,1.0,0.3333333333333333,0.3333333333333333,0.2,14.1,121.0,2.0
2023-05-25,嘉應高昇,艾道拿,呂健威,135,4,19.5,2200,0,0.0,0.3076923076923077,0.3333333333333333,0.2,18.866666666666664,119.66666666666667,4.0
2023-06-04,嘉應高昇,莫雷拉,葉楚航,131,10,2.7,1600,0,0.0,0.2857142857142857,0.3333333333333333,0.2,17.633333333333333,122.66666666666667,10.0
2023-06-11,嘉應高昇,蔡明紹,韋達,122,10,27.3,1600,0,0.0,0.26666666666666666,0.0,0.2,14.300000000000002,127.0,7.0
2023-06-23,嘉應高昇,希威森,沈集成,127,10,29.0,2200,0,0.0,0.25,0.0,0.2,16.5,129.33333333333334,12.0
2023-06-24,嘉應高昇,艾道拿,沈集成,122,12,24.3,1200,1,0.0,0.23529411764705882,0.0,0.0,19.666666666666668,126.66666666666667,1.0
2023-06-30,嘉應高昇,蔡明紹,韋達,116,14,26.9,1200,0,1.0,0.2777777777777778,0.3333333333333333,0.2,26.866666666666664,123.66666666666667,6.0
2023-07-09,嘉應高昇,莫雷拉,蘇保羅,126,9,2.1,1000,0,0.0,0.2631578947368421,0.3333333333333333,0.2,26.73333333333333,121.66666666666667,9.0
2023-08-09,嘉應高昇,田泰安,沈集成,131,13,15.0,1200,0,0.0,0.25,0.3333333333333333,0.2,17.76666666666667,121.33333333333333,31.0
2023-08-12,嘉應高昇,田泰安,蘇保羅,133,12,8.1,2200,0,0.0,0.23809523809523808,0.0,0.2,14.666666666666666,124.33333333333333,3.0
2023-09-06,嘉應高昇,艾道拿,沈集成,133,8,19.9,1400,1,0.0,0.22727272727272727,0.0,0.2,8.4,130.0,25.0
2023-09-12,嘉應高昇,巴度,蘇保羅,116,7,6.1,1600,1,1.0,0.2608695652173913,0.3333333333333333,0.2,14.333333333333334,132.33333333333334,6.0
2023-09-24,嘉應高昇,巴度,沈集成,131,11,6.5,1200,0,1.0,0.2916666666666667,0.6666666666666666,0.4,11.366666666666667,127.33333333333333,12.0
2023-09-30,嘉應高昇,潘頓,告東尼,122,10,1.5,2000,1,0.0,0.28,0.6666666666666666,0.4,10.833333333333334,126.66666666666667,6.0
2023-10-03,嘉應高昇,潘頓,呂健威,127,13,2.2,1200,1,1.0,0.3076923076923077,0.6666666666666666,0.6,4.7,123.0,3.0
2023-10-09,嘉應高昇,莫雷拉,韋達,119,6,1.5,1600,1,1.0,0.3333333333333333,0.6666666666666666,0.8,3.4,126.66666666666667,6.0
2023-10-15,嘉應高昇,希威森,沈集成,127,3,11.2,1200,0,1.0,0.35714285714285715,1.0,0.8,1.7333333333333334,122.66666666666667,6.0
2023-10-17,嘉應高昇,田泰安,呂健威,117,3,19.9,1600,0,0.0,0.3448275862068966,0.6666666666666666,0.6,4.966666666666666,124.33333333333333,2.0
2023-10-29,嘉應高昇,潘頓,告東尼,118,10,1.7,1000,1,0.0,0.3333333333333333,0.3333333333333333,0.6,10.866666666666665,121.0,12.0
2023-11-07,嘉應高昇,希威森,告東尼,123,10,28.1,1200,0,1.0,0.3548387096774194,0.3333333333333333,0.6,10.933333333333332,120.66666666666667,9.0
2023-11-27,嘉應高昇,莫雷拉,呂健威,127,14,1.5,1000,1,0.0,0.34375,0.3333333333333333,0.4,16.566666666666666,119.33333333333333,20.0
2023-12-04,嘉應高昇,莫雷拉,蘇保羅,115,5,1.6,1400,1,1.0,0.36363636363636365,0.6666666666666666,0.4,10.433333333333334,122.66666666666667,7.0
2023-12-14,嘉應高昇,田泰安,告東尼,125,11,10.0,2000,0,1.0,0.38235294117647056,0.6666666666666666,0.6,10.4,121.66666666666667,10.0
2023-12-19,嘉應高昇,巴度,告東尼,118,10,14.4,2000,1,0.0,0.37142857142857144,0.6666666666666666,0.6,4.366666666666666,122.33333333333333,5.0
2024-01-12,嘉應高昇,蔡明紹,呂健威,123,5,25.8,2000,0,1.0,0.3888888888888889,0.6666666666666666,0.6,8.666666666666666,119.33333333333333,24.0
2024-02-04,嘉應高昇,潘頓,葉楚航,118,5,1.8,2000,1,0.0,0.3783783783783784,0.3333333333333333,0.6,16.733333333333334,122.0,23.0
2024-02-16,嘉應高昇,蔡明紹,蘇保羅,121,7,10.6,2200,1,1.0,0.39473684210526316,0.6666666666666666,0.6,14.0,119.66666666666667,12.0
2024-02-24,嘉應高昇,潘頓,韋達,118,14,1.4,2000,1,1.0,0.41025641025641024,0.6666666666666666,0.6,12.733333333333334,120.66666666666667,8.0
2024-02-28,嘉應高昇,巴度,呂健威,122,3,14.1,1600,0,1.0,0.425,1.0,0.8,4.6000000000000005,119.0,4.0
2024-03-13,嘉應高昇,蔡明紹,蘇保羅,125,12,5.1,1600,0,0.0,0.4146341463414634,0.6666666666666666,0.6,8.700000000000001,120.33333333333333,14.0
2024-03-16,嘉應高昇,艾道拿,蘇保羅,116,2,17.1,1200,0,0.0,0.40476190476190477,0.3333333333333333,0.6,6.866666666666667,121.66666666666667,3.0
2024-04-06,嘉應高昇,希威森,葉楚航,124,12,13.3,2200,0,0.0,0.3953488372093023,0.0,0.4,12.1,121.0,21.0
2024-04-07,嘉應高昇,希威森,韋達,131,7,24.5,1400,0,0.0,0.38636363636363635,0.0,0.2,11.833333333333334,121.66666666666667,1.0
2024-04-24,嘉應高昇,莫雷拉,韋達,129,9,2.5,1600,1,0.0,0.37777777777777777,0.0,0.0,18.3,123.66666666666667,17.0
2024-05-06,嘉應高昇,潘頓,沈集成,130,11,2.1,1800,1,1.0,0.391304347826087,0.3333333333333333,0.2,13.433333333333332,128.0,12.0
2024-05-06,嘉應高昇,艾道拿,沈集成,125,6,4.6,1600,0,1.0,0.40425531914893614,0.6666666666666666,0.4,9.700000000000001,130.0,0.0
2024-05-13,嘉應高昇,希威森,沈集成,129,13,4.3,1000,1,0.0,0.3958333333333333,0.6666666666666666,0.4,3.0666666666666664,128.0,7.0
2024-07-13,嘉應高昇,田泰安,告東尼,135,7,17.2,2000,0,1.0,0.40816326530612246,0.6666666666666666,0.6,3.6666666666666665,128.0,61.0
2024-08-04,嘉應高昇,希威森,沈集成,134,9,6.5,2000,1,0.0,0.4,0.3333333333333333,0.6,8.7,129.66666666666666,22.0
2024-08-08,嘉應高昇,艾道拿,告東尼,117,10,12.6,1200,0,1.0,0.4117647058823529,0.6666666666666666,0.6,9.333333333333334,132.66666666666666,4.0
2024-08-10,嘉應高昇,莫雷拉,葉楚航,120,12,1.5,1400,1,0.0,0.40384615384615385,0.3333333333333333,0.4,12.1,128.66666666666666,2.0
2024-09-15,嘉應高昇,潘頓,蘇保羅,126,5,2.6,2000,1,1.0,0.41509433962264153,0.6666666666666666,0.6,6.866666666666667,123.66666666666667,36.0
2024-09-20,嘉應高昇,艾道拿,告東尼,123,13,5.8,1200,1,1.0,0.42592592592592593,0.6666666666666666,0.6,5.566666666666666,121.0,5.0
2024-10-08,嘉應高昇,田泰安,告東尼,135,3,17.4,2200,1,1.0,0.43636363636363634,1.0,0.8,3.2999999999999994,123.0,18.0
2024-10-19,嘉應高昇,莫雷拉,韋達,126,2,1.8,1200,0,1.0,0.44642857142857145,1.0,0.8,8.6,128.0,11.0
2024-10-20,嘉應高昇,莫雷拉,蘇保羅,133,5,2.0,2200,1,0.0,0.43859649122807015,0.6666666666666666,0.8,8.333333333333334,128.0,1.0
2024-11-02,嘉應高昇,艾道拿,韋達,125,13,18.1,1200,1,1.0,0.4482758620689655,0.6666666666666666,0.8,7.066666666666666,131.33333333333334,13.0
2024-11-04,嘉應高昇,莫雷拉,蘇保羅,123,7,2.5,2200,1,1.0,0.4576271186440678,0.6666666666666666,0.8,7.300000000000001,128.0,2.0
2024-11-12,嘉應高昇,巴度,韋達,131,7,19.2,2200,0,1.0,0.4666666666666667,1.0,0.8,7.533333333333334,127.0,8.0
2024-11-24,嘉應高昇,莫雷拉,韋達,130,1,2.1,1600,1,0.0,0.45901639344262296,0.6666666666666666,0.6,13.266666666666666,126.33333333333333,12.0
2024-11-27,嘉應高昇,莫雷拉,告東尼,128,6,1.8,2200,1,1.0,0.46774193548387094,0.6666666666666666,0.8,7.933333333333334,128.0,3.0
2024-11-27,嘉應高昇,田泰安,葉楚航,125,1,21.2,1000,1,1.0,0.47619047619047616,0.6666666666666666,0.8,7.7,129.66666666666666,0.0
2024-12-04,嘉應高昇,田泰安,呂健威,122,10,12.3,1600,0,1.0,0.484375,1.0,0.8,8.366666666666667,127.66666666666667,7.0
2024-12-08,嘉應高昇,巴度,葉楚航,117,6,7.5,1000,0,0.0,0.47692307692307695,0.6666666666666666,0.6,11.766666666666666,125.0,4.0
2024-12-14,嘉應高昇,希威森,呂健威,120,3,8.1,1400,0,0.0,0.4696969696969697,0.3333333333333333,0.6,13.666666666666666,121.33333333333333,6.0
2024-12-16,嘉應高昇,潘頓,沈集成,124,3,2.3,2200,1,0.0,0.4626865671641791,0.0,0.4,9.299999999999999,119.66666666666667,2.0
2024-12-18,嘉應高昇,蔡明紹,沈集成,115,13,11.5,1800,0,1.0,0.47058823529411764,0.3333333333333333,0.4,5.966666666666666,120.33333333333333,2.0
2024-12-25,嘉應高昇,莫雷拉,告東尼,117,13,2.0,1800,1,0.0,0.463768115942029,0.3333333333333333,0.2,7.3,119.66666666666667,7.0
2023-01-24,多巴先生,田泰安,韋達,132,12,10.5,1800,0,,,,,,,
2023-03-13,多巴先生,艾道拿,呂健威,126,12,11.2,1800,0,0.0,0.0,0.0,0.0,10.5,132.0,48.0
2023-03-24,多巴先生,田泰安,沈集成,122,8,20.9,2000,0,0.0,0.0,0.0,0.0,10.85,129.0,11.0
2023-04-11,多巴先生,田泰安,沈集成,123,6,16.8,1400,1,0.0,0.0,0.0,0.0,14.199999999999998,126.66666666666667,18.0
2023-04-12,多巴先生,田泰安,葉楚航,134,13,26.0,1600,0,1.0,0.25,0.3333333333333333,0.25,16.299999999999997,123.66666666666667,1.0
2023-04-13,多巴先生,蔡明紹,韋達,126,4,9.7,1000,1,0.0,0.2,0.3333333333333333,0.2,21.233333333333334,126.33333333333333,1.0
2023-04-16,多巴先生,蔡明紹,呂健威,134,9,18.0,2000,0,1.0,0.3333333333333333,0.6666666666666666,0.4,17.5,127.66666666666667,3.0
2023-04-21,多巴先生,莫雷拉,蘇保羅,123,1,2.3,1400,0,0.0,0.2857142857142857,0.3333333333333333,0.4,17.900000000000002,131.33333333333334,5.0
2023-04-23,多巴先生,潘頓,葉楚航,124,9,1.4,2200,1,0.0,0.25,0.3333333333333333,0.4,10.0,127.66666666666667,2.0
2023-05-06,多巴先生,艾道拿,沈集成,115,13,24.4,2000,0,1.0,0.3333333333333333,0.3333333333333333,0.4,7.233333333333333,127.0,13.0
2023-05-10,多巴先生,希威森,蘇保羅,122,2,14.1,1400,0,0.0,0.3,0.3333333333333333,0.4,9.366666666666665,120.66666666666667,4.0
2023-05-30,多巴先生,蔡明紹,沈集成,118,4,18.2,1000,0,0.0,0.2727272727272727,0.3333333333333333,0.2,13.299999999999999,120.33333333333333,20.0
2023-07-12,多巴先生,莫雷拉,葉楚航,115,2,1.7,1000,1,0.0,0.25,0.0,0.2,18.900000000000002,118.33333333333333,43.0
2023-07-12,多巴先生,艾道拿,蘇保羅,125,13,31.2,2000,0,1.0,0.3076923076923077,0.3333333333333333,0.4,11.333333333333334,118.33333333333333,0.0
2023-07-19,多巴先生,希威森,告東尼,127,13,18.4,1600,1,0.0,0.2857142857142857,0.3333333333333333,0.2,17.03333333333333,119.33333333333333,7.0
2023-07-22,多巴先生,潘頓,韋達,118,2,2.5,1000,1,1.0,0.3333333333333333,0.6666666666666666,0.4,17.099999999999998,122.33333333333333,3.0
2023-08-13,多巴先生,希威森,葉楚航,127,7,15.6,1600,0,1.0,0.375,0.6666666666666666,0.6,17.366666666666664,123.33333333333333,22.0
2023-08-25,多巴先生,潘頓,沈集成,124,3,1.7,1800,1,0.0,0.35294117647058826,0.6666666666666666,0.6,12.166666666666666,124.0,12.0
2023-08-30,多巴先生,巴度,沈集成,123,1,24.9,1800,0,1.0,0.3888888888888889,0.6666666666666666,0.6,6.6000000000000005,123.0,5.0
2023-09-01,多巴先生,希威森,韋達,129,13,7.4,1200,0,0.0,0.3684210526315789,0.3333333333333333,0.6,14.066666666666668,124.66666666666667,2.0
2023-10-07,多巴先生,田泰安,葉楚航,121,7,26.9,1800,0,0.0,0.35,0.3333333333333333,0.4,11.333333333333334,125.33333333333333,36.0
2023-10-09,多巴先生,希威森,韋達,115,6,19.6,1000,1,0.0,0.3333333333333333,0.0,0.2,19.73333333333333,124.33333333333333,2.0
2023-12-02,多巴先生,莫雷拉,葉楚航,120,4,1.4,2200,1,1.0,0.36363636363636365,0.3333333333333333,0.4,17.966666666666665,121.66666666666667,54.0
2023-12-02,多巴先生,莫雷拉,葉楚航,130,9,2.4,2000,0,1.0,0.391304347826087,0.6666666666666666,0.4,15.966666666666667,118.66666666666667,0.0
2023-12-24,多巴先生,莫雷拉,呂健威,121,12,1.7,1200,1,0.0,0.375,0.6666666666666666,0.4,7.8,121.66666666666667,22.0
2023-12-30,多巴先生,蔡明紹,沈集成,133,2,5.1,1400,1,1.0,0.4,0.6666666666666666,0.6,1.8333333333333333,123.66666666666667,6.0
2024-01-13,多巴先生,巴度,呂健威,134,7,18.8,1400,0,1.0,0.4230769230769231,0.6666666666666666,0.8,3.0666666666666664,128.0,14.0
2024-01-14,多巴先生,巴度,告東尼,131,4,22.7,2200,0,0.0,0.4074074074074074,0.6666666666666666,0.6,8.533333333333333,129.33333333333334,1.0
2024-01-22,多巴先生,希威森,告東尼,129,3,24.5,1200,1,0.0,0.39285714285714285,0.3333333333333333,0.4,15.533333333333331,132.66666666666666,8.0
2024-01-28,多巴先生,莫雷拉,葉楚航,117,12,2.5,2200,0,1.0,0.41379310344827586,0.3333333333333333,0.6,22.0,131.33333333333334,6.0
2024-01-30,多巴先生,巴度,告東尼,122,13,28.9,1400,0,0.0,0.4,0.3333333333333333,0.4,16.566666666666666,125.66666666666667,2.0
2024-02-03,多巴先生,艾道拿,告東尼,127,1,18.2,1000,1,0.0,0.3870967741935484,0.3333333333333333,0.2,18.633333333333333,122.66666666666667,4.0
2024-02-07,多巴先生,巴度,葉楚航,122,4,23.6,1000,0,1.0,0.40625,0.3333333333333333,0.4,16.53333333333333,122.0,4.0
2024-02-10,多巴先生,田泰安,沈集成,119,14,15.5,1600,1,0.0,0.3939393939393939,0.3333333333333333,0.4,23.566666666666663,123.66666666666667,3.0
2024-02-11,多巴先生,希威森,沈集成,135,8,5.1,1400,1,1.0,0.4117647058823529,0.6666666666666666,0.4,19.099999999999998,122.66666666666667,1.0
2024-03-21,多巴先生,莫雷拉,韋達,135,14,2.3,1800,0,1.0,0.42857142857142855,0.6666666666666666,0.6,14.733333333333334,125.33333333333333,39.0
2024-03-21,多巴先生,潘頓,呂健威,128,13,2.2,1600,0,0.0,0.4166666666666667,0.6666666666666666,0.6,7.633333333333334,129.66666666666666,0.0
2024-03-30,多巴先生,莫雷拉,葉楚航,126,14,2.5,1600,1,0.0,0.40540540540540543,0.3333333333333333,0.4,3.1999999999999997,132.66666666666666,9.0
2024-04-10,多巴先生,莫雷拉,沈集成,135,9,2.2,2200,1,1.0,0.42105263157894735,0.3333333333333333,0.6,2.3333333333333335,129.66666666666666,11.0
2024-05-01,多巴先生,希威森,呂健威,125,6,9.9,1800,0,1.0,0.4358974358974359,0.6666666666666666,0.6,2.3000000000000003,129.66666666666666,21.0
2024-05-19,多巴先生,潘頓,韋達,129,10,1.6,1800,1,0.0,0.425,0.6666666666666666,0.4,4.866666666666667,128.66666666666666,18.0
2024-05-21,多巴先生,莫雷拉,韋達,117,3,1.9,1400,1,1.0,0.43902439024390244,0.6666666666666666,0.6,4.566666666666667,129.66666666666666,2.0
2024-06-02,多巴先生,莫雷拉,葉楚航,123,10,2.3,1200,1,1.0,0.4523809523809524,0.6666666666666666,0.8,4.466666666666667,123.66666666666667,12.0
2024-06-14,多巴先生,田泰安,告東尼,126,9,9.6,1800,0,1.0,0.46511627906976744,1.0,0.8,1.9333333333333333,123.0,12.0
2024-07-01,多巴先生,希威森,葉楚航,135,13,15.5,1000,0,0.0,0.45454545454545453,0.6666666666666666,0.6,4.6,122.0,17.0
2024-07-03,多巴先生,巴度,韋達,132,4,19.0,1000,1,0.0,0.4444444444444444,0.3333333333333333,0.6,9.133333333333333,128.0,2.0
2024-07-10,多巴先生,潘頓,蘇保羅,116,14,2.5,1000,1,1.0,0.45652173913043476,0.3333333333333333,0.6,14.700000000000001,131.0,7.0
2024-07-20,多巴先生,蔡明紹,韋達,133,11,13.5,1600,0,1.0,0.46808510638297873,0.6666666666666666,0.6,12.333333333333334,127.66666666666667,10.0
2024-08-16,多巴先生,艾道拿,韋達,134,12,10.6,1200,0,0.0,0.4583333333333333,0.6666666666666666,0.4,11.666666666666666,127.0,27.0
2024-08-31,多巴先生,莫雷拉,韋達,129,9,1.7,2200,1,0.0,0.4489795918367347,0.3333333333333333,0.4,8.866666666666667,127.66666666666667,15.0
2024-09-30,多巴先生,莫雷拉,告東尼,120,7,2.1,1600,1,1.0,0.46,0.3333333333333333,0.6,8.6,132.0,30.0
2024-10-28,多巴先生,希威森,蘇保羅,121,2,19.3,1600,1,1.0,0.47058823529411764,0.6666666666666666,0.6,4.8,127.66666666666667,28.0
2024-11-05,多巴先生,田泰安,葉楚航,125,13,24.4,2200,1,1.0,0.4807692307692308,1.0,0.6,7.7,123.33333333333333,8.0
2024-11-06,多巴先生,潘頓,蘇保羅,118,5,1.7,1200,1,1.0,0.49056603773584906,1.0,0.8,15.266666666666666,122.0,1.0
2024-11-18,多巴先生,艾道拿,韋達,121,8,27.6,1800,1,1.0,0.5,1.0,1.0,15.133333333333335,121.33333333333333,12.0
2024-11-20,多巴先生,潘頓,告東尼,130,6,1.9,2200,1,1.0,0.509090909090909,1.0,1.0,17.900000000000002,121.33333333333333,2.0
2023-01-01,好眼光,田泰安,告東尼,134,2,5.6,2000,0,,,,,,,
2023-01-05,好眼光,潘頓,葉楚航,116,5,2.1,1000,1,0.0,0.0,0.0,0.0,5.6,134.0,4.0
2023-01-17,好眼光,希威森,葉楚航,132,10,18.4,1000,0,1.0,0.5,0.5,0.5,3.8499999999999996,125.0,12.0
2023-01-19,好眼光,潘頓,葉楚航,117,12,2.8,1400,1,0.0,0.3333333333333333,0.3333333333333333,0.3333333333333333,8.7,127.33333333333333,2.0
2023-02-03,好眼光,蔡明紹,葉楚航,133,14,9.8,2200,0,1.0,0.5,0.6666666666666666,0.5,7.766666666666667,121.66666666666667,15.0
2023-02-25,好眼光,希威森,韋達,117,5,5.6,1600,1,0.0,0.4,0.3333333333333333,0.4,10.333333333333334,127.33333333333333,22.0
2023-03-16,好眼光,希威森,蘇保羅,131,14,11.5,1400,0,1.0,0.5,0.6666666666666666,0.6,6.066666666666667,122.33333333333333,19.0
2023-04-09,好眼光,艾道拿,告東尼,125,10,11.9,2200,0,0.0,0.42857142857142855,0.3333333333333333,0.4,8.966666666666667,127.0,24.0
2023-04-14,好眼光,巴度,蘇保羅,121,12,23.1,1400,0,0.0,0.375,0.3333333333333333,0.4,9.666666666666666,124.33333333333333,5.0
2023-04-29,好眼光,艾道拿,韋達,124,6,14.4,2000,1,0.0,0.3333333333333333,0.0,0.2,15.5,125.66666666666667,15.0
2023-04-29,好眼光,潘頓,葉楚航,134,8,2.0,1800,1,1.0,0.4,0.3333333333333333,0.4,16.466666666666665,123.33333333333333,0.0
2023-05-01,好眼光,希威森,沈集成,115,12,21.2,1000,0,1.0,0.45454545454545453,0.6666666666666666,0.4,13.166666666666666,126.33333333333333,2.0
2023-05-06,好眼光,潘頓,沈集成,129,7,2.0,1400,0,0.0,0.4166666666666667,0.6666666666666666,0.4,12.533333333333331,124.33333333333333,5.0
2023-06-04,好眼光,艾道拿,葉楚航,122,5,13.9,2000,0,0.0,0.38461538461538464,0.3333333333333333,0.4,8.4,126.0,29.0
2023-06-10,好眼光,田泰安,韋達,127,6,13.7,1800,0,0.0,0.35714285714285715,0.0,0.4,12.366666666666667,122.0,6.0
2023-06-12,好眼光,蔡明紹,沈集成,119,3,16.7,1400,1,0.0,0.3333333333333333,0.0,0.2,9.866666666666667,126.0,2.0
2023-06-13,好眼光,潘頓,韋達,132,12,2.8,1400,1,1.0,0.375,0.3333333333333333,0.2,14.766666666666666,122.66666666666667,1.0
2023-06-15,好眼光,田泰安,沈集成,129,12,23.8,1000,0,1.0,0.4117647058823529,0.6666666666666666,0.4,11.066666666666665,126.0,2.0
2023-06-17,好眼光,艾道拿,蘇保羅,118,1,13.3,1400,0,0.0,0.3888888888888889,0.6666666666666666,0.4,14.433333333333332,126.66666666666667,2.0
2023-06-24,好眼光,田泰安,蘇保羅,127,13,20.1,1400,0,0.0,0.3684210526315789,0.3333333333333333,0.4,13.300000000000002,126.33333333333333,7.0
2023-06-29,好眼光,希威森,沈集成,121,8,9.8,1000,0,0.0,0.35,0.0,0.4,19.066666666666666,124.66666666666667,5.0
2023-07-09,好眼光,艾道拿,沈集成,126,3,11.6,1400,1,0.0,0.3333333333333333,0.0,0.2,14.4,122.0,10.0
2023-07-15,好眼光,蔡明紹,沈集成,121,4,4.1,1800,1,1.0,0.36363636363636365,0.3333333333333333,0.2,13.833333333333334,124.66666666666667,6.0
2023-08-13,好眼光,巴度,葉楚航,134,1,27.6,1200,1,1.0,0.391304347826087,0.6666666666666666,0.4,8.5,122.66666666666667,29.0
2023-08-13,好眼光,希威森,韋達,133,10,8.1,2200,0,1.0,0.4166666666666667,1.0,0.6,14.433333333333332,127.0,0.0
2023-09-04,好眼光,莫雷拉,蘇保羅,117,12,2.1,1600,1,0.0,0.4,0.6666666666666666,0.6,13.266666666666667,129.33333333333334,22.0
2023-09-07,好眼光,艾道拿,呂健威,127,6,9.4,1600,1,1.0,0.4230769230769231,0.6666666666666666,0.8,12.600000000000001,128.0,3.0
2023-10-07,好眼光,蔡明紹,呂健威,128,2,23.3,1800,1,1.0,0.4444444444444444,0.6666666666666666,0.8,6.533333333333334,125.66666666666667,30.0
2023-10-10,好眼光,莫雷拉,韋達,130,13,1.6,2000,1,1.0,0.4642857142857143,1.0,0.8,11.6,124.0,3.0
2023-10-28,好眼光,巴度,告東尼,116,12,15.5,1200,0,1.0,0.4827586206896552,1.0,0.8,11.433333333333335,128.33333333333334,18.0
2023-11-01,好眼光,希威森,告東尼,119,4,14.0,1400,1,0.0,0.4666666666666667,0.6666666666666666,0.8,13.466666666666669,124.66666666666667,4.0
2023-11-11,好眼光,艾道拿,韋達,125,9,17.9,1200,0,1.0,0.4838709677419355,0.6666666666666666,0.8,10.366666666666667,121.66666666666667,10.0
2023-11-16,好眼光,希威森,韋達,116,8,19.9,1400,1,0.0,0.46875,0.3333333333333333,0.6,15.799999999999999,120.0,5.0
2023-12-05,好眼光,莫雷拉,葉楚航,126,2,2.8,1800,0,1.0,0.48484848484848486,0.6666666666666666,0.6,17.266666666666666,120.0,19.0
2023-12-07,好眼光,潘頓,呂健威,132,11,1.9,2000,1,0.0,0.47058823529411764,0.3333333333333333,0.4,13.533333333333331,122.33333333333333,2.0
2023-12-09,好眼光,艾道拿,葉楚航,126,6,21.9,1400,0,1.0,0.4857142857142857,0.6666666666666666,0.6,8.2,124.66666666666667,2.0
2023-12-12,好眼光,潘頓,告東尼,124,5,2.5,2000,0,0.0,0.4722222222222222,0.3333333333333333,0.4,8.866666666666665,128.0,3.0
2023-12-14,好眼光,潘頓,葉楚航,118,11,2.3,1000,1,0.0,0.4594594594594595,0.3333333333333333,0.4,8.766666666666666,127.33333333333333,2.0
2023-12-15,好眼光,希威森,葉楚航,116,6,11.6,2000,1,1.0,0.47368421052631576,0.3333333333333333,0.4,8.9,122.66666666666667,1.0
2023-12-21,好眼光,艾道拿,蘇保羅,132,1,6.2,1600,0,1.0,0.48717948717948717,0.6666666666666666,0.6,5.466666666666666,119.33333333333333,6.0
2024-01-06,好眼光,潘頓,沈集成,117,1,1.6,1000,1,0.0,0.475,0.6666666666666666,0.4,6.699999999999999,122.0,16.0
2024-01-07,好眼光,希威森,呂健威,131,12,13.6,2200,0,1.0,0.4878048780487805,0.6666666666666666,0.6,6.466666666666668,121.66666666666667,1.0
2024-01-11,好眼光,莫雷拉,韋達,132,3,1.6,1400,1,0.0,0.47619047619047616,0.3333333333333333,0.6,7.133333333333333,126.66666666666667,4.0
2024-01-17,好眼光,莫雷拉,呂健威,119,5,2.0,1800,1,1.0,0.4883720930232558,0.6666666666666666,0.6,5.6000000000000005,126.66666666666667,6.0
2024-01-22,好眼光,希威森,蘇保羅,122,7,6.7,2000,0,1.0,0.5,0.6666666666666666,0.6,5.733333333333333,127.33333333333333,5.0
2024-02-05,好眼光,田泰安,沈集成,127,7,5.3,2000,0,0.0,0.4888888888888889,0.6666666666666666,0.6,3.4333333333333336,124.33333333333333,14.0
2024-02-07,好眼光,巴度,呂健威,125,7,10.3,2200,0,0.0,0.4782608695652174,0.3333333333333333,0.4,4.666666666666667,122.66666666666667,2.0
2024-03-10,好眼光,巴度,沈集成,120,3,25.6,2000,0,0.0,0.46808510638297873,0.0,0.4,7.433333333333334,124.66666666666667,32.0
2024-03-13,好眼光,田泰安,蘇保羅,120,3,14.0,1600,1,0.0,0.4583333333333333,0.0,0.2,13.733333333333334,124.0,3.0
2024-03-16,好眼光,希威森,葉楚航,134,4,8.8,2200,0,1.0,0.46938775510204084,0.3333333333333333,0.2,16.633333333333336,121.66666666666667,3.0
2024-03-25,好眼光,潘頓,沈集成,117,3,1.8,1400,1,0.0,0.46,0.3333333333333333,0.2,16.133333333333336,124.66666666666667,9.0
2024-03-26,好眼光,田泰安,呂健威,116,10,15.3,1800,0,1.0,0.47058823529411764,0.6666666666666666,0.4,8.200000000000001,123.66666666666667,1.0
2024-04-10,好眼光,蔡明紹,葉楚航,128,9,10.2,2200,0,0.0,0.46153846153846156,0.3333333333333333,0.4,8.633333333333335,122.33333333333333,15.0
2024-04-11,好眼光,蔡明紹,呂健威,117,2,21.4,1400,1,0.0,0.4528301886792453,0.3333333333333333,0.4,9.1,120.33333333333333,1.0
2024-04-24,好眼光,巴度,告東尼,126,4,7.5,1600,0,1.0,0.46296296296296297,0.3333333333333333,0.4,15.633333333333333,120.33333333333333,13.0
2024-04-26,好眼光,艾道拿,沈集成,116,11,18.2,1000,0,0.0,0.45454545454545453,0.3333333333333333,0.4,13.033333333333331,123.66666666666667,2.0
2024-05-11,好眼光,希威森,葉楚航,134,12,22.9,1800,0,0.0,0.44642857142857145,0.3333333333333333,0.2,15.699999999999998,119.66666666666667,15.0
2024-06-04,好眼光,希威森,葉楚航,134,12,25.6,1200,0,0.0,0.43859649122807015,0.0,0.2,16.2,125.33333333333333,24.0
2024-06-16,好眼光,蔡明紹,沈集成,126,11,14.9,2000,0,0.0,0.43103448275862066,0.0,0.2,22.23333333333333,128.0,12.0
2024-06-18,好眼光,巴度,沈集成,134,1,6.4,2000,1,0.0,0.423728813559322,0.0,0.0,21.133333333333333,131.33333333333334,2.0
2024-06-21,好眼光,艾道拿,呂健威,124,2,23.2,1200,0,1.0,0.43333333333333335,0.3333333333333333,0.2,15.633333333333333,131.33333333333334,3.0
2024-07-04,好眼光,艾道拿,告東尼,117,3,16.2,1600,0,0.0,0.4262295081967213,0.3333333333333333,0.2,14.833333333333334,128.0,13.0
2024-07-13,好眼光,潘頓,告東尼,118,11,1.4,1600,1,0.0,0.41935483870967744,0.3333333333333333,0.2,15.266666666666666,125.0,9.0
2024-07-22,好眼光,田泰安,韋達,133,11,16.0,1000,0,1.0,0.42857142857142855,0.3333333333333333,0.4,13.6,119.66666666666667,9.0
2024-07-25,好眼光,莫雷拉,韋達,124,13,2.7,1000,0,0.0,0.421875,0.3333333333333333,0.4,11.199999999999998,122.66666666666667,3.0
2024-07-26,好眼光,田泰安,呂健威,116,11,21.9,2200,1,0.0,0.4153846153846154,0.3333333333333333,0.2,6.699999999999999,125.0,1.0
2024-09-10,好眼光,艾道拿,蘇保羅,125,7,20.2,1000,1,1.0,0.42424242424242425,0.3333333333333333,0.4,13.533333333333331,124.33333333333333,46.0
2024-09-12,好眼光,希威森,蘇保羅,133,10,15.9,1800,0,1.0,0.43283582089552236,0.6666666666666666,0.6,14.933333333333332,121.66666666666667,2.0
2024-09-20,好眼光,莫雷拉,呂健威,120,14,2.6,1000,1,0.0,0.4264705882352941,0.6666666666666666,0.4,19.333333333333332,124.66666666666667,8.0
2024-09-22,好眼光,潘頓,呂健威,135,8,2.6,1800,0,1.0,0.43478260869565216,0.6666666666666666,0.6,12.9,126.0,2.0
2024-09-25,好眼光,田泰安,韋達,125,2,16.2,1600,1,0.0,0.42857142857142855,0.3333333333333333,0.6,7.033333333333334,129.33333333333334,3.0
2024-09-25,好眼光,希威森,呂健威,129,13,25.0,1200,0,1.0,0.43661971830985913,0.6666666666666666,0.6,7.133333333333333,126.66666666666667,0.0
2024-10-20,好眼光,巴度,韋達,133,6,12.4,1400,0,0.0,0.4305555555555556,0.3333333333333333,0.4,14.6,129.66666666666666,25.0
2024-11-05,好眼光,艾道拿,告東尼,116,3,6.1,1000,0,0.0,0.4246575342465753,0.3333333333333333,0.4,17.866666666666667,129.0,16.0
2024-11-13,好眼光,蔡明紹,告東尼,119,13,23.1,2200,0,0.0,0.4189189189189189,0.0,0.2,14.5,126.0,8.0
2024-12-20,好眼光,田泰安,葉楚航,121,8,17.5,1000,0,0.0,0.41333333333333333,0.0,0.2,13.866666666666667,122.66666666666667,37.0
2024-12-26,好眼光,潘頓,呂健威,117,10,2.0,1800,1,0.0,0.40789473684210525,0.0,0.0,15.566666666666668,118.66666666666667,6.0
2024-12-27,好眼光,希威森,告東尼,127,14,4.8,1200,0,1.0,0.4155844155844156,0.3333333333333333,0.2,14.200000000000001,119.0,1.0
2023-01-04,永遠美麗,艾道拿,沈集成,117,3,17.5,2200,0,,,,,,,
2023-01-15,永遠美麗,蔡明紹,告東尼,120,6,16.1,1400,1,0.0,0.0,0.0,0.0,17.5,117.0,11.0
2023-01-19,永遠美麗,巴度,葉楚航,134,6,20.1,2000,0,1.0,0.5,0.5,0.5,16.8,118.5,4.0
2023-01-25,永遠美麗,艾道拿,沈集成,124,14,5.6,1200,1,0.0,0.3333333333333333,0.3333333333333333,0.3333333333333333,17.900000000000002,123.66666666666667,6.0
2023-02-01,永遠美麗,巴度,韋達,135,8,11.9,1000,0,1.0,0.5,0.6666666666666666,0.5,13.933333333333335,126.0,7.0
2023-02-09,永遠美麗,田泰安,蘇保羅,122,11,5.4,1800,0,0.0,0.4,0.3333333333333333,0.4,12.533333333333333,131.0,8.0
2023-02-25,永遠美麗,潘頓,韋達,123,10,2.3,1600,1,0.0,0.3333333333333333,0.3333333333333333,0.4,7.633333333333333,127.0,16.0
2023-03-07,永遠美麗,艾道拿,沈集成,134,2,7.2,2200,0,1.0,0.42857142857142855,0.3333333333333333,0.4,6.533333333333334,126.66666666666667,10.0
2023-04-06,永遠美麗,巴度,沈集成,129,5,24.7,1400,0,0.0,0.375,0.3333333333333333,0.4,4.966666666666667,126.33333333333333,30.0
2023-04-07,永遠美麗,潘頓,韋達,128,7,1.9,1800,0,0.0,0.3333333333333333,0.3333333333333333,0.2,11.4,128.66666666666666,1.0
2023-04-11,永遠美麗,希威森,蘇保羅,124,7,13.4,1600,1,0.0,0.3,0.0,0.2,11.266666666666666,130.33333333333334,4.0
2023-04-20,永遠美麗,莫雷拉,葉楚航,129,5,2.8,1600,0,1.0,0.36363636363636365,0.3333333333333333,0.4,13.333333333333334,127.0,9.0
2023-05-02,永遠美麗,蔡明紹,蘇保羅,132,6,7.1,1600,0,0.0,0.3333333333333333,0.3333333333333333,0.2,6.033333333333334,127.0,12.0
2023-06-20,永遠美麗,潘頓,沈集成,132,12,1.6,1000,1,0.0,0.3076923076923077,0.3333333333333333,0.2,7.766666666666666,128.33333333333334,49.0
2023-08-06,永遠美麗,希威森,蘇保羅,126,5,17.4,1200,0,1.0,0.35714285714285715,0.3333333333333333,0.4,3.8333333333333326,131.0,47.0
2023-08-17,永遠美麗,蔡明紹,告東尼,122,10,14.4,1400,0,0.0,0.3333333333333333,0.3333333333333333,0.4,8.7,130.0,11.0
2023-08-25,永遠美麗,艾道拿,告東尼,122,2,7.7,1200,1,0.0,0.3125,0.3333333333333333,0.2,11.133333333333333,126.66666666666667,8.0
2023-09-13,永遠美麗,希威森,沈集成,128,5,31.4,2200,0,1.0,0.35294117647058826,0.3333333333333333,0.4,13.166666666666666,123.33333333333333,19.0
2023-09-27,永遠美麗,希威森,韋達,131,1,17.9,1800,0,0.0,0.3333333333333333,0.3333333333333333,0.4,17.833333333333332,124.0,14.0
2023-09-30,永遠美麗,巴度,沈集成,131,8,21.3,1800,0,0.0,0.3157894736842105,0.3333333333333333,0.2,19.0,127.0,3.0
2023-10-16,永遠美麗,潘頓,沈集成,133,11,2.3,2200,0,0.0,0.3,0.0,0.2,23.53333333333333,130.0,16.0
2023-10-19,永遠美麗,田泰安,韋達,122,5,10.6,1800,0,0.0,0.2857142857142857,0.0,0.2,13.833333333333334,131.66666666666666,3.0
2023-10-31,永遠美麗,潘頓,葉楚航,122,9,2.7,2000,0,0.0,0.2727272727272727,0.0,0.0,11.4,128.66666666666666,12.0
2023-11-01,永遠美麗,莫雷拉,蘇保羅,127,5,1.9,1600,0,0.0,0.2608695652173913,0.0,0.0,5.199999999999999,125.66666666666667,1.0
2023-11-04,永遠美麗,巴度,韋達,122,2,20.0,2200,0,0.0,0.25,0.0,0.0,5.066666666666667,123.66666666666667,3.0
2023-11-09,永遠美麗,艾道拿,蘇保羅,121,5,10.0,2200,0,0.0,0.24,0.0,0.0,8.200000000000001,123.66666666666667,5.0
2023-11-09,永遠美麗,巴度,呂健威,122,11,6.3,2000,0,0.0,0.23076923076923078,0.0,0.0,10.633333333333333,123.33333333333333,0.0
2023-12-04,永遠美麗,田泰安,蘇保羅,117,14,12.6,1000,1,0.0,0.2222222222222222,0.0,0.0,12.1,121.66666666666667,25.0
2023-12-04,永遠美麗,蔡明紹,韋達,124,1,10.9,2000,0,1.0,0.25,0.3333333333333333,0.2,9.633333333333333,120.0,0.0
2023-12-18,永遠美麗,巴度,韋達,130,12,9.8,1400,0,0.0,0.2413793103448276,0.3333333333333333,0.2,9.933333333333332,121.0,14.0
2023-12-19,永遠美麗,田泰安,沈集成,135,14,20.7,2000,0,0.0,0.23333333333333334,0.3333333333333333,0.2,11.1,123.66666666666667,1.0
2023-12-20,永遠美麗,蔡明紹,韋達,123,1,26.2,2000,1,0.0,0.22580645161290322,0.0,0.2,13.800000000000002,129.66666666666666,1.0
2023-12-26,永遠美麗,艾道拿,蘇保羅,127,9,12.7,2200,0,1.0,0.25,0.3333333333333333,0.4,18.900000000000002,129.33333333333334,6.0
2023-12-29,永遠美麗,巴度,蘇保羅,128,8,14.3,1200,0,0.0,0.24242424242424243,0.3333333333333333,0.2,19.866666666666664,128.33333333333334,3.0
2023-12-31,永遠美麗,莫雷拉,沈集成,132,11,1.6,1200,1,0.0,0.23529411764705882,0.3333333333333333,0.2,17.733333333333334,126.0,2.0
2024-01-01,永遠美麗,艾道拿,沈集成,135,7,13.8,2200,0,1.0,0.2571428571428571,0.3333333333333333,0.4,9.533333333333333,129.0,1.0
2024-01-13,永遠美麗,巴度,告東尼,133,4,5.2,1200,0,0.0,0.25,0.3333333333333333,0.4,9.9,131.66666666666666,12.0
2024-01-31,永遠美麗,艾道拿,告東尼,127,7,8.7,1800,0,0.0,0.24324324324324326,0.3333333333333333,0.2,6.866666666666667,133.33333333333334,18.0
2024-02-04,永遠美麗,田泰安,韋達,122,5,6.1,1200,1,0.0,0.23684210526315788,0.0,0.2,9.233333333333333,131.66666666666666,4.0
2024-02-25,永遠美麗,艾道拿,葉楚航,117,4,10.0,1800,0,1.0,0.2564102564102564,0.3333333333333333,0.4,6.666666666666667,127.33333333333333,21.0
2024-04-01,永遠美麗,巴度,呂健威,126,10,5.8,1800,1,0.0,0.25,0.3333333333333333,0.2,8.266666666666666,122.0,36.0
2024-04-18,永遠美麗,潘頓,告東尼,131,9,1.4,1200,1,1.0,0.2682926829268293,0.6666666666666666,0.4,7.300000000000001,121.66666666666667,17.0
2024-05-12,永遠美麗,潘頓,沈集成,125,8,2.0,1200,1,1.0,0.2857142857142857,0.6666666666666666,0.6,5.733333333333333,124.66666666666667,24.0
2024-05-19,永遠美麗,潘頓,沈集成,127,3,2.4,1800,1,1.0,0.3023255813953488,1.0,0.8,3.0666666666666664,127.33333333333333,7.0
2024-05-26,永遠美麗,潘頓,蘇保羅,131,14,2.5,1400,0,1.0,0.3181818181818182,1.0,0.8,1.9333333333333333,127.66666666666667,7.0
2024-06-02,永遠美麗,潘頓,葉楚航,129,9,2.7,1600,0,0.0,0.3111111111111111,0.6666666666666666,0.8,2.3000000000000003,127.66666666666667,7.0
2024-06-10,永遠美麗,艾道拿,葉楚航,123,8,4.9,1200,0,0.0,0.30434782608695654,0.3333333333333333,0.6,2.5333333333333337,129.0,8.0
2024-06-16,永遠美麗,蔡明紹,告東尼,124,7,5.8,1200,1,0.0,0.2978723404255319,0.0,0.4,3.366666666666667,127.66666666666667,6.0
2024-07-28,永遠美麗,蔡明紹,蘇保羅,127,2,14.6,1000,0,1.0,0.3125,0.3333333333333333,0.4,4.466666666666667,125.33333333333333,42.0
2024-08-19,永遠美麗,蔡明紹,蘇保羅,116,1,20.0,1800,0,0.0,0.30612244897959184,0.3333333333333333,0.2,8.433333333333332,124.66666666666667,22.0
2024-08-29,永遠美麗,巴度,葉楚航,125,6,33.5,2000,0,0.0,0.3,0.3333333333333333,0.2,13.466666666666667,122.33333333333333,10.0
2024-09-01,永遠美麗,希威森,韋達,116,12,19.3,1200,1,0.0,0.29411764705882354,0.0,0.2,22.7,122.66666666666667,3.0
2024-09-07,永遠美麗,艾道拿,蘇保羅,133,13,15.4,2000,0,1.0,0.3076923076923077,0.3333333333333333,0.4,24.266666666666666,119.0,6.0
2024-10-22,永遠美麗,潘頓,蘇保羅,125,7,1.6,1000,1,0.0,0.3018867924528302,0.3333333333333333,0.2,22.733333333333334,124.66666666666667,45.0
2024-10-23,永遠美麗,潘頓,葉楚航,120,5,1.9,1000,1,1.0,0.3148148148148148,0.6666666666666666,0.4,12.100000000000001,124.66666666666667,1.0
2024-10-25,永遠美麗,潘頓,沈集成,116,13,2.3,1800,1,1.0,0.32727272727272727,0.6666666666666666,0.6,6.3,126.0,2.0
2024-10-30,永遠美麗,田泰安,韋達,121,4,21.4,1800,1,1.0,0.3392857142857143,1.0,0.8,1.9333333333333333,120.33333333333333,5.0
2024-10-31,永遠美麗,艾道拿,告東尼,131,1,16.8,1600,0,1.0,0.3508771929824561,1.0,0.8,8.533333333333333,119.0,1.0
2024-11-03,永遠美麗,巴度,蘇保羅,125,4,15.2,1600,1,0.0,0.3448275862068966,0.6666666666666666,0.8,13.5,122.66666666666667,3.0
2024-11-11,永遠美麗,莫雷拉,告東尼,120,1,2.4,2200,1,1.0,0.3559322033898305,0.6666666666666666,0.8,17.8,125.66666666666667,8.0
2024-12-15,永遠美麗,希威森,沈集成,118,3,7.8,2000,0,1.0,0.36666666666666664,0.6666666666666666,0.8,11.466666666666667,125.33333333333333,34.0
2024-12-19,永遠美麗,莫雷拉,沈集成,129,9,2.6,1400,0,0.0,0.36065573770491804,0.6666666666666666,0.6,8.466666666666667,121.0,4.0
2024-12-26,永遠美麗,蔡明紹,葉楚航,131,6,7.3,1400,0,0.0,0.3548387096774194,0.3333333333333333,0.4,4.266666666666667,122.33333333333333,7.0
2023-01-12,浪漫勇士,田泰安,沈集成,129,14,2.3,1200,1,,,,,,,
2023-01-28,浪漫勇士,蔡明紹,告東尼,115,11,2.7,1800,1,1.0,1.0,1.0,1.0,2.3,129.0,16.0
2023-01-28,浪漫勇士,莫雷拉,沈集成,119,2,2.3,1000,1,1.0,1.0,1.0,1.0,2.5,122.0,0.0
2023-02-20,浪漫勇士,巴度,蘇保羅,126,3,1.4,2200,1,1.0,1.0,1.0,1.0,2.433333333333333,121.0,23.0
2023-02-21,浪漫勇士,田泰安,葉楚航,124,7,1.9,1000,1,1.0,1.0,1.0,1.0,2.1333333333333333,120.0,1.0
2023-02-22,浪漫勇士,田泰安,韋達,125,3,1.5,1800,1,1.0,1.0,1.0,1.0,1.8666666666666665,123.0,1.0
2023-03-09,浪漫勇士,田泰安,沈集成,128,11,1.8,1800,1,1.0,1.0,1.0,1.0,1.5999999999999999,125.0,15.0
2023-03-10,浪漫勇士,巴度,蘇保羅,135,13,2.5,1800,1,1.0,1.0,1.0,1.0,1.7333333333333334,125.66666666666667,1.0
2023-03-21,浪漫勇士,潘頓,沈集成,120,5,2.5,2000,1,1.0,1.0,1.0,1.0,1.9333333333333333,129.33333333333334,11.0
2023-04-08,浪漫勇士,莫雷拉,韋達,119,2,2.6,2000,1,1.0,1.0,1.0,1.0,2.2666666666666666,127.66666666666667,18.0
2023-04-12,浪漫勇士,田泰安,呂健威,121,5,1.9,1400,1,1.0,1.0,1.0,1.0,2.533333333333333,124.66666666666667,4.0
2023-04-16,浪漫勇士,潘頓,韋達,115,13,1.9,1600,1,1.0,1.0,1.0,1.0,2.3333333333333335,120.0,4.0
2023-04-18,浪漫勇士,艾道拿,葉楚航,135,10,1.8,2200,0,1.0,1.0,1.0,1.0,2.1333333333333333,118.33333333333333,2.0
2023-04-23,浪漫勇士,希威森,韋達,130,8,1.5,1400,1,0.0,0.9230769230769231,0.6666666666666666,0.8,1.8666666666666665,123.66666666666667,5.0
2023-04-24,浪漫勇士,巴度,蘇保羅,129,14,2.4,2000,1,1.0,0.9285714285714286,0.6666666666666666,0.8,1.7333333333333334,126.66666666666667,1.0
2023-05-02,浪漫勇士,希威森,蘇保羅,117,7,2.7,1000,1,1.0,0.9333333333333333,0.6666666666666666,0.8,1.8999999999999997,131.33333333333334,8.0
2023-05-09,浪漫勇士,蔡明紹,告東尼,132,7,1.6,1000,1,1.0,0.9375,1.0,0.8,2.1999999999999997,125.33333333333333,7.0
2023-05-17,浪漫勇士,蔡明紹,沈集成,134,8,2.5,1200,1,1.0,0.9411764705882353,1.0,0.8,2.233333333333333,126.0,8.0
2023-06-02,浪漫勇士,潘頓,韋達,117,10,1.9,1800,1,1.0,0.9444444444444444,1.0,1.0,2.266666666666667,127.66666666666667,16.0
2023-06-06,浪漫勇士,莫雷拉,韋達,132,6,2.7,2000,1,1.0,0.9473684210526315,1.0,1.0,2.0,127.66666666666667,4.0
2023-06-27,浪漫勇士,莫雷拉,葉楚航,117,6,2.3,2200,1,1.0,0.95,1.0,1.0,2.3666666666666667,127.66666666666667,21.0
2023-07-06,浪漫勇士,莫雷拉,韋達,128,2,2.7,1600,0,1.0,0.9523809523809523,1.0,1.0,2.3,122.0,9.0
2023-08-17,浪漫勇士,艾道拿,韋達,131,8,1.7,1200,1,0.0,0.9090909090909091,0.6666666666666666,0.8,2.566666666666667,125.66666666666667,42.0
2023-08-22,浪漫勇士,巴度,告東尼,124,3,1.6,2000,1,1.0,0.9130434782608695,0.6666666666666666,0.8,2.2333333333333334,125.33333333333333,5.0
2023-08-23,浪漫勇士,莫雷拉,告東尼,131,14,2.2,1000,1,1.0,0.9166666666666666,0.6666666666666666,0.8,2.0,127.66666666666667,1.0
2023-08-23,浪漫勇士,巴度,葉楚航,126,8,2.3,1400,0,1.0,0.92,1.0,0.8,1.8333333333333333,128.66666666666666,0.0
2023-08-29,浪漫勇士,希威森,葉楚航,125,7,2.6,2200,1,0.0,0.8846153846153846,0.6666666666666666,0.6,2.033333333333333,127.0,6.0
2023-09-05,浪漫勇士,蔡明紹,呂健威,120,8,1.5,1400,0,1.0,0.8888888888888888,0.6666666666666666,0.8,2.3666666666666667,127.33333333333333,7.0
2023-09-09,浪漫勇士,巴度,葉楚航,131,7,2.2,1000,1,0.0,0.8571428571428571,0.3333333333333333,0.6,2.1333333333333333,123.66666666666667,4.0
2023-10-13,浪漫勇士,田泰安,沈集成,130,7,2.5,1200,1,1.0,0.8620689655172413,0.6666666666666666,0.6,2.1,125.33333333333333,34.0
2023-10-16,浪漫勇士,田泰安,蘇保羅,121,11,2.8,1600,1,1.0,0.8666666666666667,0.6666666666666666,0.6,2.066666666666667,127.0,3.0
2023-10-18,浪漫勇士,希威森,蘇保羅,128,2,1.5,1400,1,1.0,0.8709677419354839,1.0,0.8,2.5,127.33333333333333,2.0
2023-10-19,浪漫勇士,田泰安,告東尼,118,1,2.2,2200,1,1.0,0.875,1.0,0.8,2.2666666666666666,126.33333333333333,1.0
2023-10-30,浪漫勇士,莫雷拉,葉楚航,115,8,2.2,1000,0,1.0,0.8787878787878788,1.0,1.0,2.1666666666666665,122.33333333333333,11.0
2023-11-14,浪漫勇士,艾道拿,沈集成,127,14,2.0,2200,1,0.0,0.8529411764705882,0.6666666666666666,0.8,1.9666666666666668,120.33333333333333,15.0
2023-11-15,浪漫勇士,潘頓,葉楚航,126,11,2.5,1200,0,1.0,0.8571428571428571,0.6666666666666666,0.8,2.1333333333333333,120.0,1.0
2023-11-22,浪漫勇士,潘頓,沈集成,122,2,1.4,1600,1,0.0,0.8333333333333334,0.3333333333333333,0.6,2.2333333333333334,122.66666666666667,7.0
2023-11-22,浪漫勇士,艾道拿,呂健威,123,1,2.4,1800,1,1.0,0.8378378378378378,0.6666666666666666,0.6,1.9666666666666668,125.0,0.0
2023-12-12,浪漫勇士,艾道拿,呂健威,122,1,1.9,1400,1,1.0,0.8421052631578947,0.6666666666666666,0.6,2.1,123.66666666666667,20.0
2023-12-23,浪漫勇士,艾道拿,呂健威,127,6,2.2,2000,1,1.0,0.8461538461538461,1.0,0.8,1.8999999999999997,122.33333333333333,11.0
2024-02-02,浪漫勇士,蔡明紹,韋達,129,14,2.5,1400,0,1.0,0.85,1.0,0.8,2.1666666666666665,124.0,41.0
2024-02-26,浪漫勇士,蔡明紹,告東尼,130,9,2.6,1800,1,0.0,0.8292682926829268,0.6666666666666666,0.8,2.1999999999999997,126.0,24.0
2024-02-29,浪漫勇士,希威森,韋達,123,6,2.6,1400,1,1.0,0.8333333333333334,0.6666666666666666,0.8,2.4333333333333336,128.66666666666666,3.0
2024-03-01,浪漫勇士,巴度,蘇保羅,127,6,2.7,1000,0,1.0,0.8372093023255814,0.6666666666666666,0.8,2.5666666666666664,127.33333333333333,1.0
2024-03-13,浪漫勇士,巴度,蘇保羅,115,8,2.6,2000,1,0.0,0.8181818181818182,0.6666666666666666,0.6,2.6333333333333333,126.66666666666667,12.0
2024-03-21,浪漫勇士,希威森,蘇保羅,135,6,1.7,2000,1,1.0,0.8222222222222222,0.6666666666666666,0.6,2.6333333333333333,121.66666666666667,8.0
2024-04-21,浪漫勇士,田泰安,呂健威,122,4,2.0,1200,1,1.0,0.8260869565217391,0.6666666666666666,0.8,2.3333333333333335,125.66666666666667,31.0
2024-05-09,浪漫勇士,蔡明紹,告東尼,135,2,2.5,1200,0,1.0,0.8297872340425532,1.0,0.8,2.1,124.0,18.0
2024-05-13,浪漫勇士,莫雷拉,韋達,135,5,2.7,2200,0,0.0,0.8125,0.6666666666666666,0.6,2.066666666666667,130.66666666666666,4.0
2024-05-19,浪漫勇士,莫雷拉,呂健威,132,12,2.6,1400,1,0.0,0.7959183673469388,0.3333333333333333,0.6,2.4,130.66666666666666,6.0
2024-05-23,浪漫勇士,巴度,沈集成,130,14,2.6,1800,0,1.0,0.8,0.3333333333333333,0.6,2.6,134.0,4.0
2024-06-02,浪漫勇士,希威森,蘇保羅,118,3,2.3,1400,1,0.0,0.7843137254901961,0.3333333333333333,0.4,2.6333333333333333,132.33333333333334,10.0
2024-06-11,浪漫勇士,田泰安,韋達,120,5,2.7,1000,1,1.0,0.7884615384615384,0.6666666666666666,0.4,2.5,126.66666666666667,9.0
2024-06-16,浪漫勇士,希威森,葉楚航,126,14,1.6,2200,1,1.0,0.7924528301886793,0.6666666666666666,0.6,2.5333333333333337,122.66666666666667,5.0
2024-06-25,浪漫勇士,巴度,告東尼,116,8,2.0,2000,1,1.0,0.7962962962962963,1.0,0.8,2.1999999999999997,121.33333333333333,9.0
2024-07-17,浪漫勇士,巴度,葉楚航,130,9,1.8,2000,1,1.0,0.8,1.0,0.8,2.1,120.66666666666667,22.0
2024-07-29,浪漫勇士,巴度,沈集成,124,12,2.1,2000,0,1.0,0.8035714285714286,1.0,1.0,1.8,124.0,12.0
2024-08-10,浪漫勇士,希威森,蘇保羅,126,2,2.7,2000,0,0.0,0.7894736842105263,0.6666666666666666,0.8,1.9666666666666668,123.33333333333333,12.0
2024-08-13,浪漫勇士,潘頓,葉楚航,132,12,2.8,1400,0,0.0,0.7758620689655172,0.3333333333333333,0.6,2.2,126.66666666666667,3.0
2024-08-14,浪漫勇士,田泰安,告東尼,130,14,1.9,2000,1,0.0,0.7627118644067796,0.0,0.4,2.5333333333333337,127.33333333333333,1.0
2024-08-15,浪漫勇士,莫雷拉,韋達,118,10,2.6,1000,1,1.0,0.7666666666666667,0.3333333333333333,0.4,2.466666666666667,129.33333333333334,1.0
2024-08-20,浪漫勇士,蔡明紹,葉楚航,125,11,2.5,1800,0,1.0,0.7704918032786885,0.6666666666666666,0.4,2.433333333333333,126.66666666666667,5.0
2024-09-20,浪漫勇士,巴度,沈集成,125,9,2.1,1400,1,0.0,0.7580645161290323,0.6666666666666666,0.4,2.3333333333333335,124.33333333333333,31.0
2024-09-21,浪漫勇士,艾道拿,告東尼,125,1,2.6,2200,0,1.0,0.7619047619047619,0.6666666666666666,0.6,2.4,122.66666666666667,1.0
2024-09-29,浪漫勇士,潘頓,告東尼,131,2,2.0,1200,1,0.0,0.75,0.3333333333333333,0.6,2.4,125.0,8.0
2024-10-22,浪漫勇士,巴度,呂健威,127,9,2.0,1800,1,1.0,0.7538461538461538,0.6666666666666666,0.6,2.2333333333333334,127.0,23.0
2024-11-08,浪漫勇士,艾道拿,沈集成,122,5,1.7,1400,1,1.0,0.7575757575757576,0.6666666666666666,0.6,2.1999999999999997,127.66666666666667,17.0
2024-11-13,浪漫勇士,莫雷拉,沈集成,115,1,2.1,1600,1,1.0,0.7611940298507462,1.0,0.8,1.9000000000000001,126.66666666666667,5.0
2024-11-14,浪漫勇士,巴度,葉楚航,117,11,2.6,2000,0,1.0,0.7647058823529411,1.0,0.8,1.9333333333333336,121.33333333333333,1.0
2024-11-20,浪漫勇士,潘頓,告東尼,134,10,1.6,1000,1,0.0,0.7536231884057971,0.6666666666666666,0.8,2.1333333333333333,118.0,6.0
2024-11-20,浪漫勇士,艾道拿,告東尼,130,8,1.9,2000,1,1.0,0.7571428571428571,0.6666666666666666,0.8,2.1,122.0,0.0
2024-12-26,浪漫勇士,莫雷拉,呂健威,122,5,2.3,1600,1,1.0,0.7605633802816901,0.6666666666666666,0.8,2.033333333333333,127.0,36.0
2024-12-26,浪漫勇士,蔡明紹,葉楚航,129,7,2.2,1600,1,1.0,0.7638888888888888,1.0,0.8,1.9333333333333333,128.66666666666666,0.0
2024-12-28,浪漫勇士,希威森,韋達,123,13,2.3,1000,0,1.0,0.7671232876712328,1.0,0.8,2.1333333333333333,127.0,2.0
2023-01-07,發財先鋒,潘頓,呂健威,132,7,1.8,2200,0,,,,,,,
2023-01-14,發財先鋒,蔡明紹,告東尼,116,9,16.3,1800,0,0.0,0.0,0.0,0.0,1.8,132.0,7.0
2023-02-12,發財先鋒,潘頓,沈集成,117,10,2.1,2200,1,0.0,0.0,0.0,0.0,9.05,124.0,29.0
2023-03-19,發財先鋒,艾道拿,呂健威,120,2,22.1,2000,0,1.0,0.3333333333333333,0.3333333333333333,0.3333333333333333,6.733333333333334,121.66666666666667,35.0
2023-03-27,發財先鋒,艾道拿,韋達,129,11,6.6,1800,1,0.0,0.25,0.3333333333333333,0.25,13.5,117.66666666666667,8.0
2023-03-31,發財先鋒,田泰安,葉楚航,130,7,15.1,2000,0,1.0,0.4,0.6666666666666666,0.4,10.266666666666667,122.0,4.0
2023-04-07,發財先鋒,蔡明紹,告東尼,132,4,5.7,1600,0,0.0,0.3333333333333333,0.3333333333333333,0.4,14.600000000000001,126.33333333333333,7.0
2023-04-19,發財先鋒,艾道拿,沈集成,121,13,5.0,1400,0,0.0,0.2857142857142857,0.3333333333333333,0.4,9.133333333333333,130.33333333333334,12.0
2023-04-23,發財先鋒,蔡明紹,韋達,124,3,19.4,1000,0,0.0,0.25,0.0,0.2,8.6,127.66666666666667,4.0
2023-05-02,發財先鋒,田泰安,告東尼,125,12,5.3,1400,0,0.0,0.2222222222222222,0.0,0.2,10.033333333333333,125.66666666666667,9.0
2023-05-04,發財先鋒,潘頓,韋達,118,8,2.4,1400,1,0.0,0.2,0.0,0.0,9.9,123.33333333333333,2.0
2023-05-14,發財先鋒,巴度,蘇保羅,118,8,19.9,1800,0,1.0,0.2727272727272727,0.3333333333333333,0.2,9.033333333333333,122.33333333333333,10.0
2023-06-22,發財先鋒,巴度,呂健威,124,3,14.4,1200,1,0.0,0.25,0.3333333333333333,0.2,9.2,120.33333333333333,39.0
2023-07-01,發財先鋒,巴度,呂健威,125,5,17.2,1600,0,1.0,0.3076923076923077,0.6666666666666666,0.4,12.233333333333333,120.0,9.0
2023-07-12,發財先鋒,莫雷拉,沈集成,121,13,2.5,1800,0,0.0,0.2857142857142857,0.3333333333333333,0.4,17.166666666666668,122.33333333333333,11.0
2023-08-08,發財先鋒,潘頓,呂健威,125,9,2.3,1600,1,0.0,0.26666666666666666,0.3333333333333333,0.4,11.366666666666667,123.33333333333333,27.0
2023-08-11,發財先鋒,潘頓,告東尼,130,8,2.0,1200,1,1.0,0.3125,0.3333333333333333,0.4,7.333333333333333,123.66666666666667,3.0
2023-08-17,發財先鋒,巴度,葉楚航,128,12,26.1,2000,0,1.0,0.35294117647058826,0.6666666666666666,0.6,2.2666666666666666,125.33333333333333,6.0
2023-09-19,發財先鋒,潘頓,沈集成,118,3,1.7,1000,1,0.0,0.3333333333333333,0.6666666666666666,0.4,10.133333333333335,127.66666666666667,33.0
2023-09-22,發財先鋒,蔡明紹,蘇保羅,119,11,16.5,1000,1,1.0,0.3684210526315789,0.6666666666666666,0.6,9.933333333333334,125.33333333333333,3.0
2023-09-28,發財先鋒,巴度,韋達,122,3,26.2,2000,0,1.0,0.4,0.6666666666666666,0.8,14.766666666666666,121.66666666666667,6.0
2023-10-16,發財先鋒,希威森,沈集成,122,5,19.0,1200,0,0.0,0.38095238095238093,0.6666666666666666,0.6,14.799999999999999,119.66666666666667,18.0
2023-10-27,發財先鋒,希威森,韋達,130,13,17.2,1800,0,0.0,0.36363636363636365,0.3333333333333333,0.4,20.566666666666666,121.0,11.0
2023-10-29,發財先鋒,艾道拿,沈集成,126,9,11.4,2200,0,0.0,0.34782608695652173,0.0,0.4,20.8,124.66666666666667,2.0
2023-11-20,發財先鋒,潘頓,告東尼,120,11,1.5,1800,1,0.0,0.3333333333333333,0.0,0.2,15.866666666666667,126.0,22.0
2023-11-27,發財先鋒,田泰安,呂健威,118,10,9.7,1000,0,1.0,0.36,0.3333333333333333,0.2,10.033333333333333,125.33333333333333,7.0
2023-12-01,發財先鋒,艾道拿,韋達,135,14,27.9,1200,0,0.0,0.34615384615384615,0.3333333333333333,0.2,7.533333333333334,121.33333333333333,4.0
2023-12-02,發財先鋒,巴度,蘇保羅,132,12,19.1,1400,0,0.0,0.3333333333333333,0.3333333333333333,0.2,13.033333333333331,124.33333333333333,1.0
2023-12-08,發財先鋒,莫雷拉,葉楚航,132,7,2.7,2000,0,0.0,0.32142857142857145,0.0,0.2,18.9,128.33333333333334,6.0
2023-12-14,發財先鋒,希威森,告東尼,115,11,6.8,2200,0,0.0,0.3103448275862069,0.0,0.2,16.566666666666666,133.0,6.0
2023-12-20,發財先鋒,艾道拿,蘇保羅,132,10,10.0,2000,0,0.0,0.3,0.0,0.0,9.533333333333333,126.33333333333333,6.0
2023-12-25,發財先鋒,田泰安,沈集成,122,11,13.6,1800,0,0.0,0.2903225806451613,0.0,0.0,6.5,126.33333333333333,5.0
2024-01-01,發財先鋒,蔡明紹,沈集成,127,3,5.8,1400,0,0.0,0.28125,0.0,0.0,10.133333333333333,123.0,7.0
2024-01-10,發財先鋒,艾道拿,沈集成,132,4,4.3,1600,0,0.0,0.2727272727272727,0.0,0.0,9.8,127.0,9.0
2024-01-29,發財先鋒,潘頓,沈集成,121,6,2.1,1200,1,0.0,0.2647058823529412,0.0,0.0,7.8999999999999995,127.0,19.0
2024-02-06,發財先鋒,潘頓,韋達,116,2,2.0,2200,1,1.0,0.2857142857142857,0.3333333333333333,0.2,4.066666666666666,126.66666666666667,8.0
2024-02-10,發財先鋒,田泰安,告東尼,122,6,24.1,1800,1,1.0,0.3055555555555556,0.6666666666666666,0.4,2.8000000000000003,123.0,4.0
2024-02-15,發財先鋒,田泰安,蘇保羅,117,8,16.9,1800,0,1.0,0.32432432432432434,1.0,0.6,9.4,119.66666666666667,5.0
2024-02-17,發財先鋒,莫雷拉,沈集成,130,7,1.9,2000,1,0.0,0.3157894736842105,0.6666666666666666,0.6,14.333333333333334,118.33333333333333,2.0
2024-02-28,發財先鋒,希威森,蘇保羅,120,8,7.0,1200,0,1.0,0.3333333333333333,0.6666666666666666,0.8,14.299999999999999,123.0,11.0
2024-03-01,發財先鋒,艾道拿,葉楚航,126,1,12.0,2200,0,0.0,0.325,0.3333333333333333,0.6,8.6,122.33333333333333,2.0
2024-03-06,發財先鋒,希威森,韋達,125,13,29.9,1800,0,0.0,0.3170731707317073,0.3333333333333333,0.4,6.966666666666666,125.33333333333333,5.0
2024-04-09,發財先鋒,艾道拿,蘇保羅,122,12,10.3,1600,0,0.0,0.30952380952380953,0.0,0.2,16.3,123.66666666666667,34.0
2024-04-16,發財先鋒,巴度,告東尼,123,14,16.5,1800,0,0.0,0.3023255813953488,0.0,0.2,17.400000000000002,124.33333333333333,7.0
2024-04-21,發財先鋒,田泰安,呂健威,120,1,19.8,1400,0,0.0,0.29545454545454547,0.0,0.0,18.900000000000002,123.33333333333333,5.0
2024-04-29,發財先鋒,蔡明紹,沈集成,129,10,11.1,1200,0,0.0,0.28888888888888886,0.0,0.0,15.533333333333333,121.66666666666667,8.0
2024-05-09,發財先鋒,蔡明紹,蘇保羅,119,5,11.2,1400,0,0.0,0.2826086956521739,0.0,0.0,15.799999999999999,124.0,10.0
2024-05-26,發財先鋒,艾道拿,韋達,131,14,25.3,1600,0,0.0,0.2765957446808511,0.0,0.0,14.033333333333331,122.66666666666667,17.0
2024-06-17,發財先鋒,希威森,葉楚航,120,8,24.8,1600,0,0.0,0.2708333333333333,0.0,0.0,15.866666666666665,126.33333333333333,22.0
2024-06-30,發財先鋒,潘頓,葉楚航,116,1,1.8,2200,1,0.0,0.2653061224489796,0.0,0.0,20.433333333333334,123.33333333333333,13.0
2024-07-01,發財先鋒,蔡明紹,蘇保羅,116,7,19.1,2200,0,1.0,0.28,0.3333333333333333,0.2,17.3,122.33333333333333,1.0
2024-07-07,發財先鋒,潘頓,沈集成,116,3,2.4,1400,1,0.0,0.27450980392156865,0.3333333333333333,0.2,15.233333333333334,117.33333333333333,6.0
2024-07-11,發財先鋒,潘頓,呂健威,130,1,2.2,1000,0,1.0,0.28846153846153844,0.6666666666666666,0.4,7.766666666666667,116.0,4.0
2024-08-12,發財先鋒,希威森,沈集成,130,5,7.5,2200,0,0.0,0.2830188679245283,0.3333333333333333,0.4,7.8999999999999995,120.66666666666667,32.0
2024-08-16,發財先鋒,田泰安,韋達,128,3,17.7,1800,0,0.0,0.2777777777777778,0.3333333333333333,0.4,4.033333333333333,125.33333333333333,4.0
2024-08-16,發財先鋒,巴度,韋達,129,7,19.7,1000,0,0.0,0.2727272727272727,0.0,0.2,9.133333333333333,129.33333333333334,0.0
2024-09-13,發財先鋒,巴度,呂健威,123,6,12.9,1000,0,0.0,0.26785714285714285,0.0,0.2,14.966666666666667,129.0,28.0
2024-09-13,發財先鋒,潘頓,呂健威,123,12,2.2,2200,0,0.0,0.2631578947368421,0.0,0.0,16.766666666666666,126.66666666666667,0.0
2024-09-19,發財先鋒,希威森,呂健威,128,14,5.5,1200,0,0.0,0.25862068965517243,0.0,0.0,11.600000000000001,125.0,6.0
2024-10-03,發財先鋒,艾道拿,沈集成,127,11,14.6,2000,0,0.0,0.2542372881355932,0.0,0.0,6.866666666666667,124.66666666666667,14.0
2024-10-18,發財先鋒,巴度,呂健威,126,6,6.4,1600,0,0.0,0.25,0.0,0.0,7.433333333333334,126.0,15.0
2024-10-20,發財先鋒,莫雷拉,呂健威,119,4,1.8,1200,1,0.0,0.2459016393442623,0.0,0.0,8.833333333333334,127.0,2.0
2024-10-25,發財先鋒,田泰安,韋達,129,11,16.7,1800,0,1.0,0.25806451612903225,0.3333333333333333,0.2,7.6000000000000005,124.0,5.0
2024-12-02,發財先鋒,莫雷拉,韋達,116,9,1.9,1800,1,0.0,0.25396825396825395,0.3333333333333333,0.2,8.299999999999999,124.66666666666667,38.0
2024-12-09,發財先鋒,希威森,告東尼,130,13,16.2,1400,0,1.0,0.265625,0.6666666666666666,0.4,6.8,121.33333333333333,7.0
2024-12-09,發財先鋒,潘頓,韋達,119,4,1.5,1400,1,0.0,0.26153846153846155,0.3333333333333333,0.4,11.6,125.0,0.0
2024-12-15,發財先鋒,莫雷拉,葉楚航,120,11,2.2,1000,1,1.0,0.2727272727272727,0.6666666666666666,0.6,6.533333333333332,121.66666666666667,6.0
2024-12-22,發財先鋒,蔡明紹,蘇保羅,117,3,12.8,1200,1,1.0,0.2835820895522388,0.6666666666666666,0.6,6.633333333333333,123.0,7.0
2024-12-26,發財先鋒,希威森,葉楚航,118,14,12.6,1600,0,1.0,0.29411764705882354,1.0,0.8,5.5,118.66666666666667,4.0
2024-12-27,發財先鋒,田泰安,葉楚航,133,7,13.3,1000,1,0.0,0.2898550724637681,0.6666666666666666,0.6,9.200000000000001,118.33333333333333,1.0
2023-01-02,美麗同享,巴度,告東尼,129,12,12.4,1400,0,,,,,,,
2023-01-18,美麗同享,巴度,告東尼,116,12,15.5,1800,1,0.0,0.0,0.0,0.0,12.4,129.0,16.0
2023-01-21,美麗同享,艾道拿,韋達,124,10,23.4,1600,0,1.0,0.5,0.5,0.5,13.95,122.5,3.0
2023-01-22,美麗同享,蔡明紹,告東尼,135,11,32.7,2200,0,0.0,0.3333333333333333,0.3333333333333333,0.3333333333333333,17.099999999999998,123.0,1.0
2023-01-26,美麗同享,希威森,韋達,134,13,14.2,2000,0,0.0,0.25,0.3333333333333333,0.25,23.866666666666664,125.0,4.0
2023-01-29,美麗同享,希威森,韋達,122,10,18.1,1000,0,0.0,0.2,0.0,0.2,23.433333333333334,131.0,3.0
2023-02-06,美麗同享,蔡明紹,沈集成,131,12,12.4,1600,0,0.0,0.16666666666666666,0.0,0.2,21.666666666666668,130.33333333333334,8.0
2023-02-12,美麗同享,希威森,葉楚航,126,12,31.1,1800,1,0.0,0.14285714285714285,0.0,0.0,14.899999999999999,129.0,6.0
2023-02-13,美麗同享,田泰安,蘇保羅,123,8,21.6,1200,0,1.0,0.25,0.3333333333333333,0.2,20.533333333333335,126.33333333333333,1.0
2023-02-22,美麗同享,蔡明紹,呂健威,116,3,6.0,2200,1,0.0,0.2222222222222222,0.3333333333333333,0.2,21.7,126.66666666666667,9.0
2023-03-10,美麗同享,田泰安,韋達,121,14,6.2,2200,0,1.0,0.3,0.6666666666666666,0.4,19.566666666666666,121.66666666666667,16.0
2023-03-14,美麗同享,田泰安,蘇保羅,125,7,28.9,1800,0,0.0,0.2727272727272727,0.3333333333333333,0.4,11.266666666666667,120.0,4.0
2023-03-28,美麗同享,田泰安,蘇保羅,117,9,14.7,1600,1,0.0,0.25,0.3333333333333333,0.4,13.699999999999998,120.66666666666667,14.0
2023-04-21,美麗同享,巴度,呂健威,129,2,12.7,1200,0,1.0,0.3076923076923077,0.3333333333333333,0.4,16.599999999999998,121.0,24.0
2023-04-25,美麗同享,巴度,葉楚航,126,1,15.5,2200,0,0.0,0.2857142857142857,0.3333333333333333,0.4,18.766666666666666,123.66666666666667,4.0
2023-04-28,美麗同享,潘頓,葉楚航,120,14,1.9,1600,1,0.0,0.26666666666666666,0.3333333333333333,0.2,14.299999999999999,124.0,3.0
2023-05-01,美麗同享,巴度,韋達,125,6,7.5,1600,0,1.0,0.3125,0.3333333333333333,0.4,10.033333333333333,125.0,3.0
2023-05-08,美麗同享,莫雷拉,呂健威,127,2,2.4,2200,1,0.0,0.29411764705882354,0.3333333333333333,0.4,8.299999999999999,123.66666666666667,7.0
2023-05-11,美麗同享,艾道拿,告東尼,132,11,20.3,1200,0,1.0,0.3333333333333333,0.6666666666666666,0.4,3.9333333333333336,124.0,3.0
2023-05-24,美麗同享,潘頓,呂健威,116,12,2.3,2200,1,0.0,0.3157894736842105,0.3333333333333333,0.4,10.066666666666668,128.0,13.0
2023-05-28,美麗同享,希威森,葉楚航,128,13,15.3,1600,0,1.0,0.35,0.6666666666666666,0.6,8.333333333333334,125.0,4.0
2023-06-11,美麗同享,艾道拿,呂健威,130,9,27.0,1000,0,0.0,0.3333333333333333,0.3333333333333333,0.4,12.633333333333335,125.33333333333333,14.0
2023-06-17,美麗同享,蔡明紹,蘇保羅,115,14,11.4,1200,0,0.0,0.3181818181818182,0.3333333333333333,0.4,14.866666666666667,124.66666666666667,6.0
2023-06-21,美麗同享,希威森,告東尼,117,1,8.8,2000,1,0.0,0.30434782608695654,0.0,0.2,17.9,124.33333333333333,4.0
2023-07-04,美麗同享,莫雷拉,葉楚航,125,5,1.5,2200,1,1.0,0.3333333333333333,0.3333333333333333,0.4,15.733333333333334,120.66666666666667,13.0
2023-07-10,美麗同享,莫雷拉,韋達,124,13,1.6,2200,1,1.0,0.36,0.6666666666666666,0.4,7.233333333333334,119.0,6.0
2023-07-16,美麗同享,艾道拿,呂健威,121,8,5.6,2200,1,1.0,0.38461538461538464,1.0,0.6,3.966666666666667,122.0,6.0
2023-08-14,美麗同享,希威森,告東尼,123,13,10.6,1800,0,1.0,0.4074074074074074,1.0,0.8,2.9,123.33333333333333,29.0
2023-08-16,美麗同享,巴度,呂健威,124,5,15.3,1400,0,0.0,0.39285714285714285,0.6666666666666666,0.8,5.933333333333333,122.66666666666667,2.0
2023-08-17,美麗同享,巴度,呂健威,120,7,21.4,1400,0,0.0,0.3793103448275862,0.3333333333333333,0.6,10.5,122.66666666666667,1.0
2023-08-19,美麗同享,田泰安,沈集成,119,7,11.9,1600,0,0.0,0.36666666666666664,0.0,0.4,15.766666666666666,122.33333333333333,2.0
2023-08-26,美麗同享,莫雷拉,呂健威,116,9,2.6,1800,1,0.0,0.3548387096774194,0.0,0.2,16.2,121.0,7.0
2023-09-08,美麗同享,潘頓,韋達,122,9,2.6,1600,1,1.0,0.375,0.3333333333333333,0.2,11.966666666666667,118.33333333333333,13.0
2023-10-05,美麗同享,莫雷拉,葉楚航,123,1,1.8,1800,1,1.0,0.3939393939393939,0.6666666666666666,0.4,5.7,119.0,27.0
2023-10-14,美麗同享,蔡明紹,葉楚航,130,14,10.5,1600,0,1.0,0.4117647058823529,1.0,0.6,2.3333333333333335,120.33333333333333,9.0
2023-10-28,美麗同享,艾道拿,沈集成,128,11,7.5,1200,0,0.0,0.4,0.6666666666666666,0.6,4.966666666666667,125.0,14.0
2023-11-23,美麗同享,蔡明紹,韋達,117,13,20.8,2200,1,0.0,0.3888888888888889,0.3333333333333333,0.6,6.6000000000000005,127.0,26.0
2023-12-30,美麗同享,巴度,呂健威,117,1,3.1,1000,1,1.0,0.40540540540540543,0.3333333333333333,0.6,12.933333333333332,125.0,37.0
2024-01-09,美麗同享,巴度,沈集成,123,9,18.6,1200,0,1.0,0.42105263157894735,0.6666666666666666,0.6,10.466666666666667,120.66666666666667,10.0
2024-01-15,美麗同享,巴度,蘇保羅,125,3,19.1,1400,0,0.0,0.41025641025641024,0.6666666666666666,0.4,14.166666666666666,119.0,6.0
2024-01-16,美麗同享,巴度,呂健威,126,14,14.6,2000,1,0.0,0.4,0.3333333333333333,0.4,13.600000000000001,121.66666666666667,1.0
2024-01-25,美麗同享,艾道拿,沈集成,115,10,28.1,2000,1,1.0,0.4146341463414634,0.3333333333333333,0.6,17.433333333333334,124.66666666666667,9.0
2024-03-03,美麗同享,蔡明紹,沈集成,122,1,12.7,1400,0,1.0,0.42857142857142855,0.6666666666666666,0.6,20.6,122.0,38.0
2024-03-18,美麗同享,田泰安,蘇保羅,115,4,7.2,1000,1,0.0,0.4186046511627907,0.6666666666666666,0.4,18.46666666666667,121.0,15.0
2024-04-11,美麗同享,潘頓,呂健威,122,4,2.1,1200,1,1.0,0.4318181818181818,0.6666666666666666,0.6,16.0,117.33333333333333,24.0
2024-04-18,美麗同享,潘頓,韋達,130,9,2.6,1200,1,1.0,0.4444444444444444,0.6666666666666666,0.8,7.333333333333333,119.66666666666667,7.0
2024-04-25,美麗同享,蔡明紹,呂健威,135,2,21.2,2000,0,1.0,0.45652173913043476,1.0,0.8,3.966666666666667,122.33333333333333,7.0
2024-04-25,美麗同享,希威森,韋達,124,2,21.0,1000,1,0.0,0.44680851063829785,0.6666666666666666,0.6,8.633333333333333,129.0,0.0
2024-05-22,美麗同享,田泰安,韋達,123,7,15.9,1000,0,1.0,0.4583333333333333,0.6666666666666666,0.8,14.933333333333332,129.66666666666666,27.0
2024-06-03,美麗同享,蔡明紹,葉楚航,129,3,19.4,2200,0,0.0,0.4489795918367347,0.3333333333333333,0.6,19.366666666666667,127.33333333333333,12.0
2024-06-20,美麗同享,蔡明紹,告東尼,123,6,14.1,1000,0,0.0,0.44,0.3333333333333333,0.4,18.766666666666666,125.33333333333333,17.0
2024-07-03,美麗同享,希威森,告東尼,127,11,7.5,1200,0,0.0,0.43137254901960786,0.0,0.2,16.466666666666665,125.0,13.0
2024-07-07,美麗同享,希威森,韋達,123,1,19.0,1800,0,0.0,0.4230769230769231,0.0,0.2,13.666666666666666,126.33333333333333,4.0
2024-08-12,美麗同享,艾道拿,告東尼,134,4,13.9,1800,0,0.0,0.41509433962264153,0.0,0.0,13.533333333333333,124.33333333333333,36.0
2024-08-13,美麗同享,巴度,韋達,131,12,6.3,1600,0,0.0,0.4074074074074074,0.0,0.0,13.466666666666667,128.0,1.0
2024-08-30,美麗同享,蔡明紹,韋達,123,13,20.4,2000,0,0.0,0.4,0.0,0.0,13.066666666666665,129.33333333333334,17.0
2024-08-31,美麗同享,艾道拿,葉楚航,128,3,7.9,1200,1,0.0,0.39285714285714285,0.0,0.0,13.533333333333331,129.33333333333334,1.0
2024-09-02,美麗同享,希威森,沈集成,131,3,33.3,1800,0,1.0,0.40350877192982454,0.3333333333333333,0.2,11.533333333333333,127.33333333333333,2.0
2024-09-17,美麗同享,田泰安,呂健威,133,9,5.0,1800,0,0.0,0.39655172413793105,0.3333333333333333,0.2,20.53333333333333,127.33333333333333,15.0
2024-10-13,美麗同享,巴度,蘇保羅,130,7,15.6,1400,0,0.0,0.3898305084745763,0.3333333333333333,0.2,15.399999999999999,130.66666666666666,26.0
2024-10-22,美麗同享,蔡明紹,告東尼,128,2,19.4,2200,0,0.0,0.38333333333333336,0.0,0.2,17.966666666666665,131.33333333333334,9.0
2024-11-03,美麗同享,田泰安,呂健威,132,3,7.1,1600,0,0.0,0.3770491803278688,0.0,0.2,13.333333333333334,130.33333333333334,12.0
2024-11-07,美麗同享,潘頓,葉楚航,132,2,1.6,1800,1,0.0,0.3709677419354839,0.0,0.0,14.033333333333333,130.0,4.0
2024-12-13,美麗同享,蔡明紹,告東尼,134,11,16.1,1000,1,1.0,0.38095238095238093,0.3333333333333333,0.2,9.366666666666667,130.66666666666666,36.0
2024-12-23,美麗同享,潘頓,韋達,131,12,2.2,2000,0,1.0,0.390625,0.6666666666666666,0.4,8.266666666666667,132.66666666666666,10.0
2024-12-23,美麗同享,潘頓,沈集成,132,12,2.6,1200,1,0.0,0.38461538461538464,0.6666666666666666,0.4,6.633333333333334,132.33333333333334,0.0
2023-01-10,自勝者強,巴度,沈集成,119,13,20.6,1600,1,,,,,,,
2023-01-23,自勝者強,蔡明紹,告東尼,119,4,22.7,1400,1,1.0,1.0,1.0,1.0,20.6,119.0,13.0
2023-01-29,自勝者強,潘頓,沈集成,115,4,2.6,1600,1,1.0,1.0,1.0,1.0,21.65,119.0,6.0
2023-01-31,自勝者強,田泰安,韋達,123,7,6.1,2000,0,1.0,1.0,1.0,1.0,15.299999999999999,117.66666666666667,2.0
2023-02-02,自勝者強,蔡明紹,呂健威,132,14,29.8,2200,1,0.0,0.75,0.6666666666666666,0.75,10.466666666666667,119.0,2.0
2023-02-10,自勝者強,潘頓,告東尼,124,9,1.9,1800,1,1.0,0.8,0.6666666666666666,0.8,12.833333333333334,123.33333333333333,8.0
2023-04-08,自勝者強,艾道拿,葉楚航,130,9,7.5,1000,0,1.0,0.8333333333333334,0.6666666666666666,0.8,12.6,126.33333333333333,57.0
2023-04-15,自勝者強,潘頓,告東尼,118,10,1.4,1800,1,0.0,0.7142857142857143,0.6666666666666666,0.6,13.066666666666668,128.66666666666666,7.0
2023-04-15,自勝者強,蔡明紹,告東尼,119,3,29.7,1200,0,1.0,0.75,0.6666666666666666,0.6,3.6,124.0,0.0
2023-04-16,自勝者強,潘頓,韋達,124,4,1.9,2000,1,0.0,0.6666666666666666,0.3333333333333333,0.6,12.866666666666667,122.33333333333333,1.0
2023-04-18,自勝者強,巴度,蘇保羅,127,3,9.2,1800,0,1.0,0.7,0.6666666666666666,0.6,11.0,120.33333333333333,2.0
2023-05-10,自勝者強,希威森,葉楚航,115,4,17.1,1800,0,0.0,0.6363636363636364,0.3333333333333333,0.4,13.6,123.33333333333333,22.0
2023-05-24,自勝者強,希威森,蘇保羅,129,13,18.3,1600,0,0.0,0.5833333333333334,0.3333333333333333,0.4,9.4,122.0,14.0
2023-06-19,自勝者強,蔡明紹,蘇保羅,120,6,19.5,1400,0,0.0,0.5384615384615384,0.0,0.2,14.866666666666667,123.66666666666667,26.0
2023-07-01,自勝者強,蔡明紹,蘇保羅,116,7,18.9,1200,0,0.0,0.5,0.0,0.2,18.3,121.33333333333333,12.0
2023-07-10,自勝者強,潘頓,葉楚航,128,12,2.0,1000,1,0.0,0.4666666666666667,0.0,0.0,18.9,121.66666666666667,9.0
2023-07-11,自勝者強,巴度,葉楚航,132,6,22.0,2200,1,1.0,0.5,0.3333333333333333,0.2,13.466666666666667,121.33333333333333,1.0
2023-07-20,自勝者強,艾道拿,韋達,131,9,4.6,1600,1,1.0,0.5294117647058824,0.6666666666666666,0.4,14.299999999999999,125.33333333333333,9.0
2023-08-20,自勝者強,潘頓,告東尼,116,8,2.8,2200,0,1.0,0.5555555555555556,1.0,0.6,9.533333333333333,130.33333333333334,31.0
2023-08-31,自勝者強,希威森,沈集成,124,3,7.3,1600,0,0.0,0.5263157894736842,0.6666666666666666,0.6,9.8,126.33333333333333,11.0
2023-09-08,自勝者強,潘頓,呂健威,123,11,2.1,1600,1,0.0,0.5,0.3333333333333333,0.6,4.8999999999999995,123.66666666666667,8.0
2023-09-16,自勝者強,艾道拿,葉楚航,121,14,11.2,1000,1,1.0,0.5238095238095238,0.3333333333333333,0.6,4.066666666666666,121.0,8.0
2023-09-22,自勝者強,田泰安,沈集成,117,5,20.8,1400,1,1.0,0.5454545454545454,0.6666666666666666,0.6,6.866666666666667,122.66666666666667,6.0
2023-09-29,自勝者強,蔡明紹,沈集成,130,6,22.3,1000,1,1.0,0.5652173913043478,1.0,0.6,11.366666666666667,120.33333333333333,7.0
2023-10-08,自勝者強,莫雷拉,沈集成,117,2,2.4,2200,0,1.0,0.5833333333333334,1.0,0.8,18.099999999999998,122.66666666666667,9.0
2023-11-04,自勝者強,巴度,呂健威,133,1,19.0,1800,0,0.0,0.56,0.6666666666666666,0.8,15.166666666666666,121.33333333333333,27.0
2023-11-24,自勝者強,蔡明紹,告東尼,122,14,17.4,2000,0,0.0,0.5384615384615384,0.3333333333333333,0.6,14.566666666666668,126.66666666666667,20.0
2023-12-04,自勝者強,希威森,沈集成,132,10,21.6,1600,0,0.0,0.5185185185185185,0.0,0.4,12.933333333333332,124.0,10.0
2023-12-09,自勝者強,莫雷拉,呂健威,125,7,2.0,1200,1,0.0,0.5,0.0,0.2,19.333333333333332,129.0,5.0
2023-12-22,自勝者強,巴度,告東尼,126,10,5.3,1800,0,1.0,0.5172413793103449,0.3333333333333333,0.2,13.666666666666666,126.33333333333333,13.0
2023-12-23,自勝者強,蔡明紹,韋達,128,12,5.5,1800,0,0.0,0.5,0.3333333333333333,0.2,9.633333333333335,127.66666666666667,1.0
2023-12-25,自勝者強,田泰安,沈集成,117,8,9.1,1400,1,0.0,0.4838709677419355,0.3333333333333333,0.2,4.266666666666667,126.33333333333333,2.0
2023-12-26,自勝者強,田泰安,呂健威,135,1,25.0,2200,0,1.0,0.5,0.3333333333333333,0.4,6.633333333333333,123.66666666666667,1.0
2023-12-26,自勝者強,潘頓,沈集成,131,9,1.9,1400,1,0.0,0.48484848484848486,0.3333333333333333,0.4,13.200000000000001,126.66666666666667,0.0
2023-12-28,自勝者強,田泰安,蘇保羅,123,5,23.4,1800,0,1.0,0.5,0.6666666666666666,0.4,12.0,127.66666666666667,2.0
2024-01-08,自勝者強,蔡明紹,葉楚航,123,1,9.6,1400,0,0.0,0.4857142857142857,0.3333333333333333,0.4,16.766666666666666,129.66666666666666,11.0
2024-01-13,自勝者強,艾道拿,告東尼,127,7,28.0,2000,0,0.0,0.4722222222222222,0.3333333333333333,0.4,11.633333333333333,125.66666666666667,5.0
2024-01-17,自勝者強,巴度,葉楚航,131,8,28.6,1000,1,0.0,0.4594594594594595,0.0,0.2,20.333333333333332,124.33333333333333,4.0
2024-01-22,自勝者強,巴度,韋達,119,6,3.5,1200,1,1.0,0.47368421052631576,0.3333333333333333,0.4,22.066666666666666,127.0,5.0
2024-01-22,自勝者強,莫雷拉,蘇保羅,133,4,1.8,1400,1,1.0,0.48717948717948717,0.6666666666666666,0.4,20.033333333333335,125.66666666666667,0.0
2024-02-03,自勝者強,潘頓,呂健威,135,8,2.0,1200,1,1.0,0.5,1.0,0.6,11.299999999999999,127.66666666666667,12.0
2024-02-09,自勝者強,希威森,告東尼,128,9,7.5,1000,1,1.0,0.5121951219512195,1.0,0.8,2.433333333333333,129.0,6.0
2024-02-11,自勝者強,莫雷拉,韋達,130,4,1.7,1600,1,1.0,0.5238095238095238,1.0,1.0,3.766666666666667,132.0,2.0
2024-03-05,自勝者強,巴度,告東尼,115,7,10.7,1600,0,1.0,0.5348837209302325,1.0,1.0,3.733333333333333,131.0,23.0
2024-03-11,自勝者強,艾道拿,韋達,134,12,12.4,1800,0,0.0,0.5227272727272727,0.6666666666666666,0.8,6.633333333333333,124.33333333333333,6.0
2024-03-18,自勝者強,莫雷拉,告東尼,128,2,2.5,1600,1,0.0,0.5111111111111111,0.3333333333333333,0.6,8.266666666666666,126.33333333333333,7.0
2024-03-21,自勝者強,潘頓,告東尼,117,14,2.3,1200,1,1.0,0.5217391304347826,0.3333333333333333,0.6,8.533333333333333,125.66666666666667,3.0
2024-04-20,自勝者強,巴度,韋達,118,3,6.6,1800,1,1.0,0.5319148936170213,0.6666666666666666,0.6,5.733333333333333,126.33333333333333,30.0
2024-05-09,自勝者強,希威森,沈集成,116,2,27.9,1600,0,1.0,0.5416666666666666,1.0,0.6,3.7999999999999994,121.0,19.0
2024-05-17,自勝者強,莫雷拉,沈集成,120,11,1.7,1000,1,0.0,0.5306122448979592,0.6666666666666666,0.6,12.266666666666666,117.0,8.0
2024-05-27,自勝者強,希威森,呂健威,126,14,11.4,1000,0,1.0,0.54,0.6666666666666666,0.8,12.066666666666668,118.0,10.0
2024-06-03,自勝者強,巴度,韋達,126,3,17.7,1800,1,0.0,0.5294117647058824,0.3333333333333333,0.6,13.666666666666666,120.66666666666667,7.0
2024-06-20,自勝者強,希威森,韋達,131,7,9.4,1600,0,1.0,0.5384615384615384,0.6666666666666666,0.6,10.266666666666666,124.0,17.0
2024-06-24,自勝者強,莫雷拉,蘇保羅,128,1,2.5,1000,1,0.0,0.5283018867924528,0.3333333333333333,0.4,12.833333333333334,127.66666666666667,4.0
2024-07-04,自勝者強,莫雷拉,蘇保羅,119,9,1.8,1400,0,1.0,0.5370370370370371,0.6666666666666666,0.6,9.866666666666667,128.33333333333334,10.0
2024-07-04,自勝者強,莫雷拉,告東尼,125,13,2.5,1600,1,0.0,0.5272727272727272,0.3333333333333333,0.4,4.566666666666667,126.0,0.0
2024-07-24,自勝者強,蔡明紹,蘇保羅,123,9,12.7,1800,0,1.0,0.5357142857142857,0.6666666666666666,0.6,2.2666666666666666,124.0,20.0
2024-08-10,自勝者強,田泰安,呂健威,128,12,13.9,1000,0,0.0,0.5263157894736842,0.3333333333333333,0.4,5.666666666666667,122.33333333333333,17.0
2024-08-16,自勝者強,艾道拿,呂健威,129,3,8.4,1600,0,0.0,0.5172413793103449,0.3333333333333333,0.4,9.700000000000001,125.33333333333333,6.0
2024-08-27,自勝者強,蔡明紹,葉楚航,127,12,8.7,2200,0,0.0,0.5084745762711864,0.0,0.2,11.666666666666666,126.66666666666667,11.0
2024-08-27,自勝者強,艾道拿,蘇保羅,115,1,17.6,1600,0,0.0,0.5,0.0,0.2,10.333333333333334,128.0,0.0
2024-09-17,自勝者強,莫雷拉,呂健威,116,3,2.1,1000,1,0.0,0.4918032786885246,0.0,0.0,11.566666666666668,123.66666666666667,21.0
2024-09-20,自勝者強,莫雷拉,告東尼,125,13,2.1,1200,1,1.0,0.5,0.3333333333333333,0.2,9.466666666666667,119.33333333333333,3.0
2024-11-09,自勝者強,田泰安,韋達,128,6,10.7,1200,0,1.0,0.5079365079365079,0.6666666666666666,0.4,7.266666666666668,118.66666666666667,50.0
2024-11-15,自勝者強,希威森,呂健威,118,4,7.4,1600,1,0.0,0.5,0.6666666666666666,0.4,4.966666666666666,123.0,6.0
2024-11-18,自勝者強,田泰安,呂健威,117,11,5.4,2200,0,1.0,0.5076923076923077,0.6666666666666666,0.6,6.733333333333333,123.66666666666667,3.0
2024-11-19,自勝者強,希威森,葉楚航,119,4,16.4,1600,1,0.0,0.5,0.3333333333333333,0.6,7.833333333333333,121.0,1.0
2024-11-20,自勝者強,潘頓,韋達,127,4,2.7,2200,0,1.0,0.5074626865671642,0.6666666666666666,0.6,9.733333333333333,118.0,1.0
2024-11-22,自勝者強,蔡明紹,沈集成,119,3,16.4,2000,1,0.0,0.5,0.3333333333333333,0.4,8.166666666666666,121.0,2.0
2024-11-24,自勝者強,巴度,沈集成,128,8,20.2,1400,0,1.0,0.5072463768115942,0.6666666666666666,0.6,11.833333333333334,121.66666666666667,2.0
2024-12-09,自勝者強,希威森,沈集成,131,2,24.6,1800,0,0.0,0.5,0.3333333333333333,0.4,13.1,124.66666666666667,15.0
2024-12-21,自勝者強,蔡明紹,葉楚航,122,11,14.0,2000,0,0.0,0.49295774647887325,0.3333333333333333,0.4,20.4,126.0,12.0
2023-01-01,賢者無敵,蔡明紹,沈集成,133,2,9.1,1000,0,,,,,,,
2023-02-04,賢者無敵,莫雷拉,韋達,124,11,1.9,2200,1,0.0,0.0,0.0,0.0,9.1,133.0,34.0
2023-02-19,賢者無敵,潘頓,葉楚航,128,5,1.7,2000,1,1.0,0.5,0.5,0.5,5.5,128.5,15.0
2023-03-09,賢者無敵,蔡明紹,蘇保羅,118,2,18.0,2000,1,1.0,0.6666666666666666,0.6666666666666666,0.6666666666666666,4.233333333333333,128.33333333333334,18.0
2023-03-11,賢者無敵,巴度,韋達,115,4,25.0,2000,0,1.0,0.75,1.0,0.75,7.2,123.33333333333333,2.0
2023-03-26,賢者無敵,巴度,告東尼,135,7,23.7,1800,0,0.0,0.6,0.6666666666666666,0.6,14.9,120.33333333333333,15.0
2023-03-30,賢者無敵,潘頓,呂健威,116,2,1.8,2000,1,0.0,0.5,0.3333333333333333,0.6,22.233333333333334,122.66666666666667,4.0
2023-04-15,賢者無敵,蔡明紹,葉楚航,122,4,4.2,1000,1,1.0,0.5714285714285714,0.3333333333333333,0.6,16.833333333333332,122.0,16.0
2023-04-28,賢者無敵,莫雷拉,韋達,123,12,1.5,1800,1,1.0,0.625,0.6666666666666666,0.6,9.9,124.33333333333333,13.0
2023-05-09,賢者無敵,田泰安,呂健威,129,2,30.0,2200,0,1.0,0.6666666666666666,1.0,0.6,2.5,120.33333333333333,11.0
2023-05-24,賢者無敵,莫雷拉,告東尼,134,10,2.3,1200,1,0.0,0.6,0.6666666666666666,0.6,11.9,124.66666666666667,15.0
2023-06-01,賢者無敵,莫雷拉,蘇保羅,122,10,1.7,1400,1,1.0,0.6363636363636364,0.6666666666666666,0.8,11.266666666666666,128.66666666666666,8.0
2023-06-23,賢者無敵,蔡明紹,韋達,117,11,16.4,1000,0,1.0,0.6666666666666666,0.6666666666666666,0.8,11.333333333333334,128.33333333333334,22.0
2023-06-28,賢者無敵,艾道拿,葉楚航,116,5,14.3,2200,0,0.0,0.6153846153846154,0.6666666666666666,0.6,6.8,124.33333333333333,5.0
2023-08-04,賢者無敵,田泰安,葉楚航,133,14,15.6,2000,0,0.0,0.5714285714285714,0.3333333333333333,0.4,10.799999999999999,118.33333333333333,37.0
2023-08-23,賢者無敵,艾道拿,沈集成,121,13,10.6,1800,0,0.0,0.5333333333333333,0.0,0.4,15.433333333333332,122.0,19.0
2023-10-23,賢者無敵,希威森,告東尼,128,10,15.2,2000,0,0.0,0.5,0.0,0.2,13.5,123.33333333333333,61.0
2023-11-18,賢者無敵,莫雷拉,葉楚航,119,12,1.7,1600,1,0.0,0.47058823529411764,0.0,0.0,13.799999999999999,127.33333333333333,26.0
2023-12-08,賢者無敵,莫雷拉,葉楚航,123,6,2.2,1200,1,1.0,0.5,0.3333333333333333,0.2,9.166666666666666,122.66666666666667,20.0
2023-12-12,賢者無敵,希威森,呂健威,124,13,4.6,2000,0,1.0,0.5263157894736842,0.6666666666666666,0.4,6.366666666666666,123.33333333333333,4.0
2023-12-26,賢者無敵,艾道拿,韋達,127,6,11.6,1800,0,0.0,0.5,0.6666666666666666,0.4,2.8333333333333335,122.0,14.0
2024-01-08,賢者無敵,田泰安,沈集成,118,11,7.1,1400,0,0.0,0.47619047619047616,0.3333333333333333,0.4,6.133333333333333,124.66666666666667,13.0
2024-01-19,賢者無敵,田泰安,沈集成,115,4,12.9,1400,0,0.0,0.45454545454545453,0.0,0.4,7.766666666666666,123.0,11.0
2024-01-19,賢者無敵,莫雷拉,呂健威,130,9,2.2,1200,1,0.0,0.43478260869565216,0.0,0.2,10.533333333333333,120.0,0.0
2024-01-24,賢者無敵,蔡明紹,葉楚航,125,7,4.7,1000,0,1.0,0.4583333333333333,0.3333333333333333,0.2,7.3999999999999995,121.0,5.0
2024-01-30,賢者無敵,潘頓,韋達,135,10,2.3,1200,1,0.0,0.44,0.3333333333333333,0.2,6.6000000000000005,123.33333333333333,6.0
2024-01-31,賢者無敵,希威森,沈集成,118,10,14.8,2200,0,1.0,0.46153846153846156,0.6666666666666666,0.4,3.0666666666666664,130.0,1.0
2024-02-01,賢者無敵,蔡明紹,呂健威,126,7,22.5,2200,0,0.0,0.4444444444444444,0.3333333333333333,0.4,7.266666666666667,126.0,1.0
2024-02-26,賢者無敵,田泰安,韋達,115,11,12.8,2000,0,0.0,0.42857142857142855,0.3333333333333333,0.4,13.200000000000001,126.33333333333333,25.0
2024-02-27,賢者無敵,巴度,呂健威,135,6,11.7,2000,1,0.0,0.41379310344827586,0.0,0.2,16.7,119.66666666666667,1.0
2024-03-11,賢者無敵,田泰安,韋達,118,2,10.5,1600,0,1.0,0.43333333333333335,0.3333333333333333,0.4,15.666666666666666,125.33333333333333,13.0
2024-03-20,賢者無敵,巴度,韋達,131,9,16.1,1000,0,0.0,0.41935483870967744,0.3333333333333333,0.2,11.666666666666666,122.66666666666667,9.0
2024-03-29,賢者無敵,莫雷拉,蘇保羅,128,5,1.6,1200,1,0.0,0.40625,0.3333333333333333,0.2,12.766666666666666,128.0,9.0
2024-04-06,賢者無敵,莫雷拉,韋達,128,8,1.9,1400,1,1.0,0.42424242424242425,0.3333333333333333,0.4,9.4,125.66666666666667,8.0
2024-04-13,賢者無敵,莫雷拉,葉楚航,129,13,2.4,1600,1,1.0,0.4411764705882353,0.6666666666666666,0.6,6.533333333333334,129.0,7.0
2024-04-24,賢者無敵,莫雷拉,告東尼,119,13,2.4,1600,1,1.0,0.45714285714285713,1.0,0.6,1.9666666666666668,128.33333333333334,11.0
2024-05-06,賢者無敵,田泰安,葉楚航,115,1,9.5,1000,1,1.0,0.4722222222222222,1.0,0.8,2.233333333333333,125.33333333333333,12.0
2024-05-08,賢者無敵,巴度,蘇保羅,134,12,12.8,2200,0,1.0,0.4864864864864865,1.0,1.0,4.766666666666667,121.0,2.0
2024-05-17,賢者無敵,蔡明紹,呂健威,122,11,11.0,1800,1,0.0,0.47368421052631576,0.6666666666666666,0.8,8.233333333333334,122.66666666666667,9.0
2024-06-21,賢者無敵,田泰安,葉楚航,133,7,15.0,2000,0,1.0,0.48717948717948717,0.6666666666666666,0.8,11.1,123.66666666666667,35.0
2024-07-20,賢者無敵,莫雷拉,呂健威,126,10,1.9,1400,1,0.0,0.475,0.3333333333333333,0.6,12.933333333333332,129.66666666666666,29.0
2024-08-15,賢者無敵,巴度,告東尼,119,2,14.4,1200,0,1.0,0.4878048780487805,0.6666666666666666,0.6,9.299999999999999,127.0,26.0
2024-08-23,賢者無敵,巴度,沈集成,122,8,22.9,1200,1,0.0,0.47619047619047616,0.3333333333333333,0.4,10.433333333333332,126.0,8.0
2024-08-24,賢者無敵,艾道拿,沈集成,120,3,16.8,1800,1,1.0,0.4883720930232558,0.6666666666666666,0.6,13.066666666666668,122.33333333333333,1.0
2024-09-01,賢者無敵,希威森,告東尼,133,10,32.3,1600,0,1.0,0.5,0.6666666666666666,0.6,18.03333333333333,120.33333333333333,8.0
2024-10-07,賢者無敵,巴度,呂健威,119,10,11.3,1800,0,0.0,0.4888888888888889,0.6666666666666666,0.6,24.0,125.0,36.0
2024-10-17,賢者無敵,潘頓,韋達,126,12,2.0,1800,1,0.0,0.4782608695652174,0.3333333333333333,0.4,20.13333333333333,124.0,10.0
2024-10-26,賢者無敵,艾道拿,葉楚航,116,11,15.0,1200,1,1.0,0.48936170212765956,0.3333333333333333,0.6,15.199999999999998,126.0,9.0
2024-10-29,賢者無敵,莫雷拉,蘇保羅,118,10,1.9,1200,1,1.0,0.5,0.6666666666666666,0.6,9.433333333333334,120.33333333333333,3.0
2024-11-10,賢者無敵,潘頓,呂健威,135,2,2.6,1800,0,1.0,0.5102040816326531,1.0,0.6,6.3,120.0,12.0
2024-11-15,賢者無敵,蔡明紹,沈集成,120,11,19.4,1200,1,0.0,0.5,0.6666666666666666,0.6,6.5,123.0,5.0
2024-11-19,賢者無敵,田泰安,沈集成,130,8,30.5,1600,0,1.0,0.5098039215686274,0.6666666666666666,0.8,7.966666666666666,124.33333333333333,4.0
2024-11-21,賢者無敵,巴度,沈集成,120,5,21.0,1000,0,0.0,0.5,0.3333333333333333,0.6,17.5,128.33333333333334,2.0
2024-11-30,賢者無敵,田泰安,葉楚航,125,11,15.1,1000,0,0.0,0.49056603773584906,0.3333333333333333,0.4,23.633333333333336,123.33333333333333,9.0
2024-12-01,賢者無敵,蔡明紹,葉楚航,129,10,25.0,1200,0,0.0,0.48148148148148145,0.0,0.2,22.2,125.0,1.0
2024-12-08,賢者無敵,蔡明紹,韋達,124,1,23.7,2200,1,0.0,0.4727272727272727,0.0,0.2,20.366666666666667,124.66666666666667,7.0
2024-12-16,賢者無敵,潘頓,呂健威,121,10,2.4,1600,1,1.0,0.48214285714285715,0.3333333333333333,0.2,21.266666666666666,126.0,8.0
2024-12-22,賢者無敵,莫雷拉,沈集成,126,11,2.5,2200,0,1.0,0.49122807017543857,0.6666666666666666,0.4,17.033333333333335,124.66666666666667,6.0
2023-01-04,遨遊氣泡,蔡明紹,葉楚航,129,3,10.5,1800,0,,,,,,,
2023-01-09,遨遊氣泡,田泰安,葉楚航,131,2,7.9,1000,0,0.0,0.0,0.0,0.0,10.5,129.0,5.0
2023-01-12,遨遊氣泡,莫雷拉,韋達,120,7,1.9,1800,1,0.0,0.0,0.0,0.0,9.2,130.0,3.0
2023-01-14,遨遊氣泡,巴度,沈集成,124,10,12.8,1600,0,1.0,0.3333333333333333,0.3333333333333333,0.3333333333333333,6.766666666666666,126.66666666666667,2.0
2023-03-14,遨遊氣泡,巴度,韋達,125,3,9.0,1800,1,0.0,0.25,0.3333333333333333,0.25,7.533333333333334,125.0,59.0
2023-03-17,遨遊氣泡,希威森,韋達,115,13,17.9,2200,0,1.0,0.4,0.6666666666666666,0.4,7.900000000000001,123.0,3.0
2023-03-19,遨遊氣泡,希威森,韋達,124,10,13.6,2000,0,0.0,0.3333333333333333,0.3333333333333333,0.4,13.233333333333334,121.33333333333333,2.0
2023-03-20,遨遊氣泡,希威森,韋達,120,1,17.6,2000,0,0.0,0.2857142857142857,0.3333333333333333,0.4,13.5,121.33333333333333,1.0
2023-03-25,遨遊氣泡,艾道拿,韋達,125,4,17.4,1200,0,0.0,0.25,0.0,0.2,16.366666666666667,119.66666666666667,5.0
2023-05-05,遨遊氣泡,蔡明紹,呂健威,128,2,22.6,1000,0,0.0,0.2222222222222222,0.0,0.2,16.2,123.0,41.0
2023-05-08,遨遊氣泡,蔡明紹,蘇保羅,119,11,8.0,1200,0,0.0,0.2,0.0,0.0,19.2,124.33333333333333,3.0
2023-06-16,遨遊氣泡,巴度,葉楚航,123,13,16.8,1200,0,0.0,0.18181818181818182,0.0,0.0,16.0,124.0,39.0
2023-06-22,遨遊氣泡,潘頓,韋達,127,12,2.7,1800,1,0.0,0.16666666666666666,0.0,0.0,15.800000000000002,123.33333333333333,6.0
2023-06-24,遨遊氣泡,希威森,蘇保羅,120,4,5.7,1600,0,1.0,0.23076923076923078,0.3333333333333333,0.2,9.166666666666666,123.0,2.0
2023-07-01,遨遊氣泡,艾道拿,呂健威,129,6,18.0,1200,0,0.0,0.21428571428571427,0.3333333333333333,0.2,8.4,123.33333333333333,7.0
2023-07-05,遨遊氣泡,莫雷拉,呂健威,124,11,2.2,1600,0,0.0,0.2,0.3333333333333333,0.2,8.799999999999999,125.33333333333333,4.0
2023-07-07,遨遊氣泡,巴度,韋達,130,13,17.0,1200,0,0.0,0.1875,0.0,0.2,8.633333333333333,124.33333333333333,2.0
2023-07-30,遨遊氣泡,莫雷拉,韋達,134,11,2.6,1400,1,0.0,0.17647058823529413,0.0,0.2,12.4,127.66666666666667,23.0
2023-08-07,遨遊氣泡,希威森,告東尼,120,4,29.1,1200,0,1.0,0.2222222222222222,0.3333333333333333,0.2,7.266666666666667,129.33333333333334,8.0
2023-08-14,遨遊氣泡,蔡明紹,沈集成,116,12,24.3,1200,0,0.0,0.21052631578947367,0.3333333333333333,0.2,16.233333333333334,128.0,7.0
2023-09-02,遨遊氣泡,巴度,葉楚航,116,5,26.2,1800,0,0.0,0.2,0.3333333333333333,0.2,18.666666666666668,123.33333333333333,19.0
2023-09-03,遨遊氣泡,莫雷拉,沈集成,124,5,2.7,1600,1,0.0,0.19047619047619047,0.0,0.2,26.533333333333335,117.33333333333333,1.0
2023-09-06,遨遊氣泡,莫雷拉,呂健威,129,5,2.0,1200,0,1.0,0.22727272727272727,0.3333333333333333,0.4,17.733333333333334,118.66666666666667,3.0
2023-10-07,遨遊氣泡,巴度,沈集成,116,3,18.3,2200,0,0.0,0.21739130434782608,0.3333333333333333,0.2,10.299999999999999,123.0,31.0
2023-11-02,遨遊氣泡,巴度,沈集成,133,13,11.0,1800,0,0.0,0.20833333333333334,0.3333333333333333,0.2,7.666666666666667,123.0,26.0
2023-12-25,遨遊氣泡,希威森,告東尼,124,5,10.9,2200,0,0.0,0.2,0.0,0.2,10.433333333333334,126.0,53.0
2023-12-31,遨遊氣泡,蔡明紹,呂健威,131,3,24.2,1800,0,0.0,0.19230769230769232,0.0,0.2,13.4,124.33333333333333,6.0
2024-01-22,遨遊氣泡,艾道拿,蘇保羅,122,2,14.6,1200,1,0.0,0.18518518518518517,0.0,0.0,15.366666666666665,129.33333333333334,22.0
2024-02-01,遨遊氣泡,希威森,韋達,123,11,21.8,1600,0,1.0,0.21428571428571427,0.3333333333333333,0.2,16.566666666666666,125.66666666666667,10.0
2024-02-12,遨遊氣泡,莫雷拉,呂健威,116,12,2.1,1000,1,0.0,0.20689655172413793,0.3333333333333333,0.2,20.2,125.33333333333333,11.0
2024-02-26,遨遊氣泡,蔡明紹,告東尼,130,3,28.2,1600,0,1.0,0.23333333333333334,0.6666666666666666,0.4,12.833333333333334,120.33333333333333,14.0
2024-02-26,遨遊氣泡,艾道拿,沈集成,128,2,5.0,1200,1,0.0,0.22580645161290322,0.3333333333333333,0.4,17.366666666666667,123.0,0.0
2024-03-03,遨遊氣泡,艾道拿,告東尼,133,3,11.9,2200,0,1.0,0.25,0.6666666666666666,0.6,11.766666666666666,124.66666666666667,6.0
2024-03-04,遨遊氣泡,蔡明紹,葉楚航,133,6,16.0,1000,0,0.0,0.24242424242424243,0.3333333333333333,0.4,15.033333333333333,130.33333333333334,1.0
2024-03-13,遨遊氣泡,艾道拿,葉楚航,132,3,18.0,1600,0,0.0,0.23529411764705882,0.3333333333333333,0.4,10.966666666666667,131.33333333333334,9.0
2024-03-14,遨遊氣泡,巴度,告東尼,123,1,6.9,1200,1,0.0,0.22857142857142856,0.0,0.2,15.299999999999999,132.66666666666666,1.0
2024-03-19,遨遊氣泡,莫雷拉,蘇保羅,131,4,2.6,1200,1,1.0,0.25,0.3333333333333333,0.4,13.633333333333333,129.33333333333334,5.0
2024-04-03,遨遊氣泡,莫雷拉,葉楚航,122,8,2.3,1200,1,1.0,0.2702702702702703,0.6666666666666666,0.4,9.166666666666666,128.66666666666666,15.0
2024-04-21,遨遊氣泡,艾道拿,葉楚航,123,2,11.7,1200,1,1.0,0.2894736842105263,1.0,0.6,3.9333333333333336,125.33333333333333,18.0
2024-05-03,遨遊氣泡,蔡明紹,韋達,119,6,15.6,1000,0,1.0,0.3076923076923077,1.0,0.8,5.533333333333334,125.33333333333333,12.0
2024-05-07,遨遊氣泡,田泰安,葉楚航,123,11,21.4,1200,0,0.0,0.3,0.6666666666666666,0.8,9.866666666666667,121.33333333333333,4.0
2024-05-13,遨遊氣泡,巴度,呂健威,118,5,6.9,1000,0,0.0,0.2926829268292683,0.3333333333333333,0.6,16.23333333333333,121.66666666666667,6.0
2024-05-15,遨遊氣泡,巴度,韋達,132,8,10.7,1000,0,0.0,0.2857142857142857,0.0,0.4,14.633333333333333,120.0,2.0
2024-05-30,遨遊氣泡,艾道拿,韋達,132,6,8.8,1400,0,0.0,0.27906976744186046,0.0,0.2,13.0,124.33333333333333,15.0
2024-06-01,遨遊氣泡,蔡明紹,告東尼,119,5,10.6,1200,1,0.0,0.2727272727272727,0.0,0.0,8.8,127.33333333333333,2.0
2024-06-14,遨遊氣泡,希威森,呂健威,122,8,11.2,1000,0,1.0,0.28888888888888886,0.3333333333333333,0.2,10.033333333333333,127.66666666666667,13.0
2024-06-20,遨遊氣泡,希威森,沈集成,124,4,3.8,1000,1,0.0,0.2826086956521739,0.3333333333333333,0.2,10.2,124.33333333333333,6.0
2024-06-25,遨遊氣泡,艾道拿,呂健威,130,12,14.3,1000,0,1.0,0.2978723404255319,0.6666666666666666,0.4,8.533333333333333,121.66666666666667,5.0
2024-07-06,遨遊氣泡,巴度,沈集成,135,4,24.2,1400,0,0.0,0.2916666666666667,0.3333333333333333,0.4,9.766666666666667,125.33333333333333,11.0
2024-08-15,遨遊氣泡,蔡明紹,呂健威,121,4,19.1,1400,0,0.0,0.2857142857142857,0.3333333333333333,0.4,14.1,129.66666666666666,40.0
2024-08-24,遨遊氣泡,希威森,蘇保羅,130,6,19.7,2200,1,0.0,0.28,0.0,0.2,19.2,128.66666666666666,9.0
2024-08-27,遨遊氣泡,莫雷拉,葉楚航,131,3,2.6,1000,1,1.0,0.29411764705882354,0.3333333333333333,0.4,21.0,128.66666666666666,3.0
2024-09-04,遨遊氣泡,田泰安,沈集成,131,10,10.9,1600,0,1.0,0.3076923076923077,0.6666666666666666,0.4,13.799999999999999,127.33333333333333,8.0
2024-09-12,遨遊氣泡,田泰安,呂健威,134,13,16.2,1000,0,0.0,0.3018867924528302,0.6666666666666666,0.4,11.066666666666668,130.66666666666666,8.0
2024-09-14,遨遊氣泡,艾道拿,呂健威,115,10,30.1,1200,0,0.0,0.2962962962962963,0.3333333333333333,0.4,9.9,132.0,2.0
2024-10-07,遨遊氣泡,田泰安,呂健威,119,3,10.0,1800,0,0.0,0.2909090909090909,0.0,0.4,19.066666666666666,126.66666666666667,23.0
2024-10-09,遨遊氣泡,巴度,告東尼,133,2,19.4,1200,1,0.0,0.2857142857142857,0.0,0.2,18.766666666666666,122.66666666666667,2.0
2024-10-10,遨遊氣泡,田泰安,呂健威,126,5,15.4,2200,0,1.0,0.2982456140350877,0.3333333333333333,0.2,19.833333333333332,122.33333333333333,1.0
2024-10-16,遨遊氣泡,艾道拿,告東尼,127,11,7.1,1000,1,0.0,0.29310344827586204,0.3333333333333333,0.2,14.933333333333332,126.0,6.0
2024-12-09,遨遊氣泡,巴度,告東尼,131,13,13.7,1000,0,1.0,0.3050847457627119,0.6666666666666666,0.4,13.966666666666667,128.66666666666666,54.0
2024-12-19,遨遊氣泡,巴度,葉楚航,125,5,18.5,2200,0,0.0,0.3,0.3333333333333333,0.4,12.066666666666668,128.0,10.0
2023-01-10,金鑽貴人,莫雷拉,沈集成,127,6,2.0,1800,1,,,,,,,
2023-01-22,金鑽貴人,田泰安,告東尼,131,12,2.4,2000,1,1.0,1.0,1.0,1.0,2.0,127.0,12.0
2023-02-12,金鑽貴人,巴度,葉楚航,135,13,1.6,1200,1,1.0,1.0,1.0,1.0,2.2,129.0,21.0
2023-02-15,金鑽貴人,巴度,蘇保羅,125,13,2.6,1000,1,1.0,1.0,1.0,1.0,2.0,131.0,3.0
2023-02-26,金鑽貴人,希威森,韋達,128,1,2.5,1000,0,1.0,1.0,1.0,1.0,2.1999999999999997,130.33333333333334,11.0
2023-03-11,金鑽貴人,巴度,呂健威,132,11,2.1,1000,1,0.0,0.8,0.6666666666666666,0.8,2.2333333333333334,129.33333333333334,13.0
2023-03-23,金鑽貴人,希威森,葉楚航,135,8,1.9,1600,1,1.0,0.8333333333333334,0.6666666666666666,0.8,2.4,128.33333333333334,12.0
2023-03-27,金鑽貴人,莫雷拉,葉楚航,122,2,1.5,1800,1,1.0,0.8571428571428571,0.6666666666666666,0.8,2.1666666666666665,131.66666666666666,4.0
2023-03-27,金鑽貴人,希威森,呂健威,123,12,2.8,1400,1,1.0,0.875,1.0,0.8,1.8333333333333333,129.66666666666666,0.0
2023-04-02,金鑽貴人,蔡明紹,韋達,127,1,2.1,2000,0,1.0,0.8888888888888888,1.0,0.8,2.0666666666666664,126.66666666666667,6.0
2023-04-17,金鑽貴人,潘頓,蘇保羅,127,11,1.5,1000,1,0.0,0.8,0.6666666666666666,0.8,2.1333333333333333,124.0,15.0
2023-04-28,金鑽貴人,艾道拿,呂健威,131,6,2.1,2000,1,1.0,0.8181818181818182,0.6666666666666666,0.8,2.1333333333333333,125.66666666666667,11.0
2023-05-21,金鑽貴人,潘頓,韋達,124,12,2.0,2000,1,1.0,0.8333333333333334,0.6666666666666666,0.8,1.9000000000000001,128.33333333333334,23.0
2023-06-21,金鑽貴人,巴度,沈集成,129,6,1.4,1200,1,1.0,0.8461538461538461,1.0,0.8,1.8666666666666665,127.33333333333333,31.0
2023-07-02,金鑽貴人,希威森,蘇保羅,125,11,1.5,1400,1,1.0,0.8571428571428571,1.0,0.8,1.8333333333333333,128.0,11.0
2023-07-15,金鑽貴人,田泰安,葉楚航,120,10,2.3,2200,1,1.0,0.8666666666666667,1.0,1.0,1.6333333333333335,126.0,13.0
2023-08-14,金鑽貴人,潘頓,韋達,135,9,2.5,1200,1,1.0,0.875,1.0,1.0,1.7333333333333332,124.66666666666667,30.0
2023-08-23,金鑽貴人,巴度,呂健威,128,13,1.5,2200,1,1.0,0.8823529411764706,1.0,1.0,2.1,126.66666666666667,9.0
2023-09-09,金鑽貴人,莫雷拉,葉楚航,116,10,2.7,2000,1,1.0,0.8888888888888888,1.0,1.0,2.1,127.66666666666667,17.0
2023-09-30,金鑽貴人,潘頓,蘇保羅,119,12,2.4,1000,1,1.0,0.8947368421052632,1.0,1.0,2.2333333333333334,126.33333333333333,21.0
2023-10-16,金鑽貴人,艾道拿,蘇保羅,124,2,2.0,2000,1,1.0,0.9,1.0,1.0,2.1999999999999997,121.0,16.0
2023-10-23,金鑽貴人,田泰安,呂健威,130,1,1.6,2200,1,1.0,0.9047619047619048,1.0,1.0,2.3666666666666667,119.66666666666667,7.0
2023-11-10,金鑽貴人,艾道拿,告東尼,118,4,2.3,2200,1,1.0,0.9090909090909091,1.0,1.0,2.0,124.33333333333333,18.0
2023-11-14,金鑽貴人,蔡明紹,告東尼,121,14,1.5,1600,1,1.0,0.9130434782608695,1.0,1.0,1.9666666666666668,124.0,4.0
2023-12-12,金鑽貴人,田泰安,呂健威,133,1,2.0,2200,1,1.0,0.9166666666666666,1.0,1.0,1.8,123.0,28.0
2023-12-31,金鑽貴人,希威森,韋達,133,14,1.7,1800,1,1.0,0.92,1.0,1.0,1.9333333333333333,124.0,19.0
2024-01-17,金鑽貴人,田泰安,告東尼,133,5,1.7,1400,1,1.0,0.9230769230769231,1.0,1.0,1.7333333333333334,129.0,17.0
2024-01-20,金鑽貴人,希威森,告東尼,131,5,2.3,2000,1,1.0,0.9259259259259259,1.0,1.0,1.8,133.0,3.0
2024-01-30,金鑽貴人,艾道拿,蘇保羅,132,14,2.0,2000,0,1.0,0.9285714285714286,1.0,1.0,1.8999999999999997,132.33333333333334,10.0
2024-02-05,金鑽貴人,希威森,葉楚航,120,7,1.5,1600,1,0.0,0.896551724137931,0.6666666666666666,0.8,2.0,132.0,6.0
2024-02-17,金鑽貴人,田泰安,告東尼,125,11,1.6,2000,1,1.0,0.9,0.6666666666666666,0.8,1.9333333333333333,127.66666666666667,12.0
2024-02-23,金鑽貴人,希威森,呂健威,134,1,2.4,2200,1,1.0,0.9032258064516129,0.6666666666666666,0.8,1.7,125.66666666666667,6.0
2024-02-23,金鑽貴人,希威森,蘇保羅,117,14,1.4,1200,1,1.0,0.90625,1.0,0.8,1.8333333333333333,126.33333333333333,0.0
2024-02-29,金鑽貴人,希威森,告東尼,119,8,2.0,1000,1,1.0,0.9090909090909091,1.0,0.8,1.8,125.33333333333333,6.0
2024-03-02,金鑽貴人,希威森,蘇保羅,118,14,1.9,1800,1,1.0,0.9117647058823529,1.0,1.0,1.9333333333333333,123.33333333333333,2.0
2024-04-06,金鑽貴人,巴度,呂健威,119,2,2.4,2200,1,1.0,0.9142857142857143,1.0,1.0,1.7666666666666666,118.0,35.0
2024-04-10,金鑽貴人,田泰安,蘇保羅,134,5,2.2,2200,0,1.0,0.9166666666666666,1.0,1.0,2.1,118.66666666666667,4.0
2024-04-25,金鑽貴人,艾道拿,沈集成,135,12,1.6,2000,1,0.0,0.8918918918918919,0.6666666666666666,0.8,2.1666666666666665,123.66666666666667,15.0
2024-05-08,金鑽貴人,田泰安,韋達,122,9,2.2,1400,1,1.0,0.8947368421052632,0.6666666666666666,0.8,2.0666666666666664,129.33333333333334,13.0
2024-05-17,金鑽貴人,莫雷拉,蘇保羅,126,10,1.7,1000,1,1.0,0.8974358974358975,0.6666666666666666,0.8,2.0,130.33333333333334,9.0
2024-05-18,金鑽貴人,巴度,告東尼,130,13,1.6,1000,1,1.0,0.9,1.0,0.8,1.8333333333333333,127.66666666666667,1.0
2024-06-20,金鑽貴人,蔡明紹,呂健威,122,6,2.0,2200,1,1.0,0.9024390243902439,1.0,0.8,1.8333333333333333,126.0,33.0
2024-06-24,金鑽貴人,巴度,沈集成,117,3,2.3,2000,1,1.0,0.9047619047619048,1.0,1.0,1.7666666666666666,126.0,4.0
2024-06-25,金鑽貴人,蔡明紹,呂健威,132,5,1.5,1600,1,1.0,0.9069767441860465,1.0,1.0,1.9666666666666668,123.0,1.0
2024-07-03,金鑽貴人,巴度,葉楚航,128,9,2.1,1800,1,1.0,0.9090909090909091,1.0,1.0,1.9333333333333333,123.66666666666667,8.0
2024-08-16,金鑽貴人,潘頓,沈集成,123,7,2.6,2200,1,1.0,0.9111111111111111,1.0,1.0,1.9666666666666668,125.66666666666667,44.0
2024-08-20,金鑽貴人,艾道拿,韋達,134,14,1.9,1800,1,1.0,0.9130434782608695,1.0,1.0,2.066666666666667,127.66666666666667,4.0
2024-10-04,金鑽貴人,巴度,蘇保羅,133,4,1.9,1000,1,1.0,0.9148936170212766,1.0,1.0,2.1999999999999997,128.33333333333334,45.0
2024-10-09,金鑽貴人,潘頓,呂健威,125,10,2.1,2000,1,1.0,0.9166666666666666,1.0,1.0,2.1333333333333333,130.0,5.0
2024-10-21,金鑽貴人,莫雷拉,告東尼,122,8,2.4,1600,1,1.0,0.9183673469387755,1.0,1.0,1.9666666666666668,130.66666666666666,12.0
2024-11-19,金鑽貴人,巴度,呂健威,119,12,2.2,2000,1,1.0,0.92,1.0,1.0,2.1333333333333333,126.66666666666667,29.0
2024-12-17,金鑽貴人,田泰安,呂健威,121,8,1.8,1000,1,1.0,0.9215686274509803,1.0,1.0,2.2333333333333334,122.0,28.0
2024-12-18,金鑽貴人,巴度,告東尼,127,11,2.7,1400,1,1.0,0.9230769230769231,1.0,1.0,2.1333333333333333,120.66666666666667,1.0
